0.000000000000000000e+00,9.978888556361198425e-06,0.000000000000000000e+00,9.978888556361198425e-06
0.000000000000000000e+00,-3.716413630172610283e-07,0.000000000000000000e+00,3.716413630172610283e-07
0.000000000000000000e+00,-2.422792091965675354e-02,-2.279047122881560153e-02,1.437449690841152011e-03
0.000000000000000000e+00,-2.662369981408119202e-02,-2.623655348908450133e-02,3.871463249966906883e-04
0.000000000000000000e+00,-4.153769463300704956e-02,-4.122756328973890133e-02,3.101313432681482296e-04
0.000000000000000000e+00,-4.302523657679557800e-02,-4.300785188418179694e-02,1.738469261378106090e-05
0.000000000000000000e+00,-6.094405427575111389e-02,-6.030189241338940187e-02,6.421618623617120214e-04
0.000000000000000000e+00,-5.412977561354637146e-02,-5.408881208254549822e-02,4.096353100087324339e-05
0.000000000000000000e+00,-7.964970171451568604e-02,-7.945863504053790605e-02,1.910666739777799883e-04
0.000000000000000000e+00,-6.179337203502655029e-02,-6.200637643472720062e-02,2.130043997006503265e-04
0.000000000000000000e+00,-9.919218719005584717e-02,-9.896794738234289401e-02,2.242398077129531542e-04
0.000000000000000000e+00,-6.751546263694763184e-02,-6.776665266724460346e-02,2.511900302969716225e-04
0.000000000000000000e+00,-1.189446002244949341e-01,-1.188249818941334995e-01,1.196183303614345439e-04
0.000000000000000000e+00,-7.155539095401763916e-02,-7.172408544983860379e-02,1.686944958209646295e-04
0.000000000000000000e+00,-1.389825046062469482e-01,-1.388991580308482077e-01,8.334657539874057441e-05
0.000000000000000000e+00,-7.389113306999206543e-02,-7.394058667463750123e-02,4.945360464543580026e-05
0.000000000000000000e+00,-1.589590609073638916e-01,-1.589415861399786079e-01,1.747476738528375151e-05
0.000000000000000000e+00,-7.420680671930313110e-02,-7.435225249352120369e-02,1.454457742180725877e-04
0.000000000000000000e+00,-1.785843372344970703e-01,-1.786017054050275110e-01,1.736817053044070747e-05
0.000000000000000000e+00,-7.283134758472442627e-02,-7.284632421882170084e-02,1.497663409727456596e-05
0.000000000000000000e+00,-1.971854567527770996e-01,-1.974342285271964981e-01,2.487717744193984615e-04
0.000000000000000000e+00,-6.924649327993392944e-02,-6.930546159665419703e-02,5.896831672026758842e-05
0.000000000000000000e+00,-2.147512584924697876e-01,-2.149040243633728864e-01,1.527658709030987882e-04
0.000000000000000000e+00,-6.370287388563156128e-02,-6.364581260196529311e-02,5.706128366626816995e-05
0.000000000000000000e+00,-2.301928251981735229e-01,-2.303993585234530017e-01,2.065333252794787633e-04
0.000000000000000000e+00,-5.597180873155593872e-02,-5.585936642611150083e-02,1.124423054444378955e-04
0.000000000000000000e+00,-2.429790347814559937e-01,-2.432640762759772923e-01,2.850414945212986773e-04
0.000000000000000000e+00,-4.600924625992774963e-02,-4.605919568167109873e-02,4.994942174334909835e-05
0.000000000000000000e+00,-2.528617680072784424e-01,-2.528541662219206954e-01,7.601785357747026239e-06
0.000000000000000000e+00,-3.457346558570861816e-02,-3.451720972764740075e-02,5.625585806121741195e-05
0.000000000000000000e+00,-2.585289180278778076e-01,-2.586149934039690956e-01,8.607537609128801392e-05
0.000000000000000000e+00,-2.168021351099014282e-02,-2.167941533406270160e-02,7.981769274412187087e-07
0.000000000000000000e+00,-2.601768970489501953e-01,-2.601645533583418768e-01,1.234369060831852494e-05
0.000000000000000000e+00,-8.395869284868240356e-03,-8.145782514160000015e-03,2.500867707082403413e-04
0.000000000000000000e+00,-2.574122548103332520e-01,-2.573608457225057267e-01,5.140908782752529049e-05
0.000000000000000000e+00,5.385078489780426025e-03,5.387824773450800193e-03,2.746283670374168040e-06
0.000000000000000000e+00,-2.500940263271331787e-01,-2.503326501551905170e-01,2.386238280573382831e-04
0.000000000000000000e+00,1.852243393659591675e-02,1.821456296920790155e-02,3.078709673880151987e-04
0.000000000000000000e+00,-2.393445074558258057e-01,-2.394630624288723864e-01,1.185549730465806917e-04
0.000000000000000000e+00,3.007831797003746033e-02,2.970616560801930123e-02,3.721523620181590997e-04
0.000000000000000000e+00,-2.253168970346450806e-01,-2.253307201293469064e-01,1.382309470182585542e-05
0.000000000000000000e+00,3.966062143445014954e-02,3.938267416884549954e-02,2.779472656046499957e-04
0.000000000000000000e+00,-2.085470706224441528e-01,-2.086265164008621886e-01,7.944577841803579510e-05
0.000000000000000000e+00,4.702555388212203979e-02,4.694629994439310228e-02,7.925393772893751798e-05
0.000000000000000000e+00,-1.900753378868103027e-01,-1.900683269075947035e-01,7.010979215599233427e-06
0.000000000000000000e+00,5.226241797208786011e-02,5.227671897460099693e-02,1.430100251313681792e-05
0.000000000000000000e+00,-1.705210208892822266e-01,-1.703316246293599956e-01,1.893962599222309695e-04
0.000000000000000000e+00,5.541277676820755005e-02,5.539777566792299796e-02,1.500110028455209354e-05
0.000000000000000000e+00,-1.499179750680923462e-01,-1.500030531738728024e-01,8.507810578045615912e-05
0.000000000000000000e+00,5.666982755064964294e-02,5.643064570191989870e-02,2.391818487297442397e-04
0.000000000000000000e+00,-1.291904598474502563e-01,-1.295527687370439940e-01,3.623088895937376375e-04
0.000000000000000000e+00,5.542769283056259155e-02,5.554515063434029704e-02,1.174578037777054829e-04
0.000000000000000000e+00,-1.089459434151649475e-01,-1.093138175254378952e-01,3.678741102729476964e-04
0.000000000000000000e+00,5.266599357128143311e-02,5.290996660703990023e-02,2.439730357584671272e-04
0.000000000000000000e+00,-8.930735290050506592e-02,-8.945299166915959832e-02,1.456387686545324023e-04
0.000000000000000000e+00,4.868084192276000977e-02,4.862487976016269947e-02,5.596216259731029430e-05
0.000000000000000000e+00,-6.946843862533569336e-02,-6.993904030506309377e-02,4.706016797274004126e-04
0.000000000000000000e+00,4.246564209461212158e-02,4.258715216895220257e-02,1.215100743400809868e-04
0.000000000000000000e+00,-5.021313577890396118e-02,-5.030486176503520118e-02,9.172598613124000044e-05
0.000000000000000000e+00,3.403267264366149902e-02,3.419073484343430197e-02,1.580621997728029471e-04
0.000000000000000000e+00,-3.056494519114494324e-02,-3.056399534360530051e-02,9.498475396427230599e-07
0.000000000000000000e+00,2.109019085764884949e-02,2.142852103905809949e-02,3.383301814092500026e-04
0.000000000000000000e+00,9.230803698301315308e-06,0.000000000000000000e+00,9.230803698301315308e-06
0.000000000000000000e+00,-1.519452780485153198e-05,0.000000000000000000e+00,1.519452780485153198e-05
0.000000000000000000e+00,-1.722510159015655518e-02,-1.658639490510080070e-02,6.387066850557544806e-04
0.000000000000000000e+00,-2.550948970019817352e-02,-2.600186028385989903e-02,4.923705836617255083e-04
0.000000000000000000e+00,-2.133374661207199097e-02,-2.069198548656369860e-02,6.417611255082923682e-04
0.000000000000000000e+00,-2.117699943482875824e-02,-2.074744514744149976e-02,4.295542873872584821e-04
0.000000000000000000e+00,-3.980004042387008667e-02,-3.958635325913299752e-02,2.136871647370891525e-04
0.000000000000000000e+00,-2.530623972415924072e-02,-2.494437002789700111e-02,3.618696962622396096e-04
0.000000000000000000e+00,-5.954964458942413330e-02,-5.921485044340139836e-02,3.347941460227349397e-04
0.000000000000000000e+00,-3.132843226194381714e-02,-3.118840738214090011e-02,1.400248798029170294e-04
0.000000000000000000e+00,-7.939106225967407227e-02,-7.930727841459969674e-02,8.378384507437552919e-05
0.000000000000000000e+00,-3.729467839002609253e-02,-3.716158288481880012e-02,1.330955052072924083e-04
0.000000000000000000e+00,-9.974801540374755859e-02,-9.973655862686120477e-02,1.145677688635382552e-05
0.000000000000000000e+00,-4.224505648016929626e-02,-4.218607222751240282e-02,5.898425265689344332e-05
0.000000000000000000e+00,-1.204140186309814453e-01,-1.204854482901240031e-01,7.142965914255783311e-05
0.000000000000000000e+00,-4.606090858578681946e-02,-4.607339301636789730e-02,1.248443058107784331e-05
0.000000000000000000e+00,-1.415156126022338867e-01,-1.414133167344832909e-01,1.022958677505958480e-04
0.000000000000000000e+00,-4.879066720604896545e-02,-4.874027027686499841e-02,5.039692918396704302e-05
0.000000000000000000e+00,-1.622347831726074219e-01,-1.622687349132234114e-01,3.395174061598948967e-05
0.000000000000000000e+00,-5.004615336656570435e-02,-5.011056514587779870e-02,6.441177931209435270e-05
0.000000000000000000e+00,-1.826504319906234741e-01,-1.827029413867587992e-01,5.250939613532512595e-05
0.000000000000000000e+00,-5.013539269566535950e-02,-5.009427827301769776e-02,4.111442264766174137e-05
0.000000000000000000e+00,-2.020586729049682617e-01,-2.022748410524830009e-01,2.161681475147392284e-04
0.000000000000000000e+00,-4.876738414168357849e-02,-4.859325493567109855e-02,1.741292060124799423e-04
0.000000000000000000e+00,-2.202605754137039185e-01,-2.204505808849651083e-01,1.900054712611898289e-04
0.000000000000000000e+00,-4.556597396731376648e-02,-4.552120736185680250e-02,4.476660545696398152e-05
0.000000000000000000e+00,-2.363337576389312744e-01,-2.366099358945646935e-01,2.761782556334191341e-04
0.000000000000000000e+00,-4.085474088788032532e-02,-4.083652071381040083e-02,1.822017406992448851e-05
0.000000000000000000e+00,-2.497362196445465088e-01,-2.500732259873044150e-01,3.370063427579061965e-04
0.000000000000000000e+00,-3.450009599328041077e-02,-3.458534988247270042e-02,8.525388919228965579e-05
0.000000000000000000e+00,-2.600315511226654053e-01,-2.601582584271157073e-01,1.267073044503019830e-04
0.000000000000000000e+00,-2.690134197473526001e-02,-2.694444868285309977e-02,4.310670811783975931e-05
0.000000000000000000e+00,-2.660733759403228760e-01,-2.662648430002623745e-01,1.914670599394985295e-04
0.000000000000000000e+00,-1.828077994287014008e-02,-1.824585858393710028e-02,3.492135893303979777e-05
0.000000000000000000e+00,-2.679151892662048340e-01,-2.679704277970256787e-01,5.523853082084473343e-05
0.000000000000000000e+00,-8.969106711447238922e-03,-8.966753739352899266e-03,2.352972094339655929e-06
0.000000000000000000e+00,-2.650980353355407715e-01,-2.651101296309356092e-01,1.209429539483775073e-05
0.000000000000000000e+00,4.345886409282684326e-04,3.224890474483999947e-04,1.120995934798684379e-04
0.000000000000000000e+00,-2.576495409011840820e-01,-2.578145256300584109e-01,1.649847288743289120e-04
0.000000000000000000e+00,9.315672330558300018e-03,9.040764658737199949e-03,2.749076718211000692e-04
0.000000000000000000e+00,-2.465624064207077026e-01,-2.464919549655117115e-01,7.045145519599116390e-05
0.000000000000000000e+00,1.693280786275863647e-02,1.668393146181480075e-02,2.488764009438357294e-04
0.000000000000000000e+00,-2.318004965782165527e-01,-2.317607450985849915e-01,3.975147963156122621e-05
0.000000000000000000e+00,2.298675850033760071e-02,2.288995624060890036e-02,9.680225972870035167e-05
0.000000000000000000e+00,-2.143075764179229736e-01,-2.143536488185253941e-01,4.607240060242046020e-05
0.000000000000000000e+00,2.750520594418048859e-02,2.746304783436529992e-02,4.215810981518866574e-05
0.000000000000000000e+00,-1.949213296175003052e-01,-1.950227519896627904e-01,1.014223721624851748e-04
0.000000000000000000e+00,3.038253821432590485e-02,3.035699888020710127e-02,2.553933411880357496e-05
0.000000000000000000e+00,-1.745017766952514648e-01,-1.744663769584244017e-01,3.539973682706309965e-05
0.000000000000000000e+00,3.168028593063354492e-02,3.163186511590800054e-02,4.842081472554438104e-05
0.000000000000000000e+00,-1.531417667865753174e-01,-1.532856988858299907e-01,1.439320992546733180e-04
0.000000000000000000e+00,3.147730603814125061e-02,3.140362823419960009e-02,7.367780394165052149e-05
0.000000000000000000e+00,-1.315415799617767334e-01,-1.319639193774377051e-01,4.223394156609716621e-04
0.000000000000000000e+00,2.980911917984485626e-02,2.980191142760369935e-02,7.207752241156911710e-06
0.000000000000000000e+00,-1.103135049343109131e-01,-1.108515808628978971e-01,5.380759285869840536e-04
0.000000000000000000e+00,2.680030837655067444e-02,2.694290577437529963e-02,1.425973978246251883e-04
0.000000000000000000e+00,-8.985196799039840698e-02,-9.014254364989289503e-02,2.905756594944880478e-04
0.000000000000000000e+00,2.288285084068775177e-02,2.292383493796469954e-02,4.098409727694776739e-05
0.000000000000000000e+00,-6.948380172252655029e-02,-6.982424967012010320e-02,3.404479475935529020e-04
0.000000000000000000e+00,1.787236705422401428e-02,1.786363748289050007e-02,8.729571333514207776e-06
0.000000000000000000e+00,-4.973012208938598633e-02,-4.978275714539930064e-02,5.263505601331430750e-05
0.000000000000000000e+00,1.229661330580711365e-02,1.214564680567289945e-02,1.509665001342141988e-04
0.000000000000000000e+00,-2.930256538093090057e-02,-2.919160985880590170e-02,1.109555221249988732e-04
0.000000000000000000e+00,7.019045762717723846e-03,7.258764889434299664e-03,2.397191267165758172e-04
0.000000000000000000e+00,-1.985565945506095886e-02,-1.962342924055330076e-02,2.322302145076581004e-04
0.000000000000000000e+00,1.168285496532917023e-02,1.127107252272169929e-02,4.117824426074709332e-04
0.000000000000000000e+00,-2.145315706729888916e-02,-2.082170321641819977e-02,6.314538508806893935e-04
0.000000000000000000e+00,-1.667271554470062256e-02,-1.658455985871780045e-02,8.815568598282211288e-05
0.000000000000000000e+00,-2.949570119380950928e-02,-2.937114310787029836e-02,1.245580859392109163e-04
0.000000000000000000e+00,-1.684480905532836914e-02,-1.641725463524270137e-02,4.275544200856677690e-04
0.000000000000000000e+00,-4.218885675072669983e-02,-4.218054882435409714e-02,8.307926372602691956e-06
0.000000000000000000e+00,-1.603162661194801331e-02,-1.567330518132329861e-02,3.583214306247146930e-04
0.000000000000000000e+00,-6.004390493035316467e-02,-5.976024214550129665e-02,2.836627848518680217e-04
0.000000000000000000e+00,-1.760017871856689453e-02,-1.746543508088129956e-02,1.347436376855949691e-04
0.000000000000000000e+00,-7.919958233833312988e-02,-7.922790463481800549e-02,2.832229648487560869e-05
0.000000000000000000e+00,-2.068610303103923798e-02,-2.054404997003930061e-02,1.420530609999373639e-04
0.000000000000000000e+00,-9.967341274023056030e-02,-9.975200896250080440e-02,7.859622227024409824e-05
0.000000000000000000e+00,-2.406276017427444458e-02,-2.398032076801550130e-02,8.243940625894327634e-05
0.000000000000000000e+00,-1.208681613206863403e-01,-1.208859938073869045e-01,1.783248670056414298e-05
0.000000000000000000e+00,-2.735573612153530121e-02,-2.722105397518740158e-02,1.346821463478996284e-04
0.000000000000000000e+00,-1.425454765558242798e-01,-1.423082307086981080e-01,2.372458471261718049e-04
0.000000000000000000e+00,-3.003404289484024048e-02,-2.996603657459150083e-02,6.800632024873964898e-05
0.000000000000000000e+00,-1.636803746223449707e-01,-1.637034461576694910e-01,2.307153532452033140e-05
0.000000000000000000e+00,-3.199950233101844788e-02,-3.203156370339239889e-02,3.206137237395101369e-05
0.000000000000000000e+00,-1.846542656421661377e-01,-1.847209064270257939e-01,6.664078485965618803e-05
0.000000000000000000e+00,-3.327053785324096680e-02,-3.327347945309420268e-02,2.941599853235887796e-06
0.000000000000000000e+00,-2.048790454864501953e-01,-2.049483735172178134e-01,6.932803076761806516e-05
0.000000000000000000e+00,-3.361823782324790955e-02,-3.354832828873390016e-02,6.990953451400938601e-05
0.000000000000000000e+00,-2.238227725028991699e-01,-2.238846717620339988e-01,6.189925913482885456e-05
0.000000000000000000e+00,-3.275350481271743774e-02,-3.270137855359060014e-02,5.212625912683760410e-05
0.000000000000000000e+00,-2.407591193914413452e-01,-2.409147299702417977e-01,1.556105788004524815e-04
0.000000000000000000e+00,-3.065572306513786316e-02,-3.058512082949890049e-02,7.060223563896267374e-05
0.000000000000000000e+00,-2.551471889019012451e-01,-2.553084319093302246e-01,1.612430074289794568e-04
0.000000000000000000e+00,-2.711279317736625671e-02,-2.710997705975450034e-02,2.816117611756374650e-06
0.000000000000000000e+00,-2.660938799381256104e-01,-2.662679054184979854e-01,1.740254803723750854e-04
0.000000000000000000e+00,-2.235888130962848663e-02,-2.231692763994560028e-02,4.195366968288635756e-05
0.000000000000000000e+00,-2.729489803314208984e-01,-2.730363224090526786e-01,8.734207763178014616e-05
0.000000000000000000e+00,-1.670827902853488922e-02,-1.644103820887349993e-02,2.672408196613892950e-04
0.000000000000000000e+00,-2.749408483505249023e-01,-2.750462745094973127e-01,1.054261589724103665e-04
0.000000000000000000e+00,-9.960450232028961182e-03,-9.922715256901299199e-03,3.773497512766198214e-05
0.000000000000000000e+00,-2.719426155090332031e-01,-2.720566342947098870e-01,1.140187856766838870e-04
0.000000000000000000e+00,-3.183445893228054047e-03,-3.346941457870099886e-03,1.634955646420458396e-04
0.000000000000000000e+00,-2.641248106956481934e-01,-2.642234492649502831e-01,9.863856930208969587e-05
0.000000000000000000e+00,3.034882247447967529e-03,2.677656877009400044e-03,3.572253704385674848e-04
0.000000000000000000e+00,-2.520323097705841064e-01,-2.520708141724585793e-01,3.850440187447290441e-05
0.000000000000000000e+00,7.895015180110931396e-03,7.652898383120000127e-03,2.421167969909312698e-04
0.000000000000000000e+00,-2.363505065441131592e-01,-2.363751421700387989e-01,2.463562592563972586e-05
0.000000000000000000e+00,1.146442163735628128e-02,1.128072653319329988e-02,1.836951041629814041e-04
0.000000000000000000e+00,-2.178542017936706543e-01,-2.180108110797573939e-01,1.566092860867396297e-04
0.000000000000000000e+00,1.364251971244812012e-02,1.348026075219069947e-02,1.622589602574206480e-04
0.000000000000000000e+00,-1.976881027221679688e-01,-1.978138650816591015e-01,1.257623594911327913e-04
0.000000000000000000e+00,1.437397673726081848e-02,1.433682326874860004e-02,3.715346851221844326e-05
0.000000000000000000e+00,-1.764532476663589478e-01,-1.765031725379120064e-01,4.992487155305869173e-05
0.000000000000000000e+00,1.414830423891544342e-02,1.402125753784579966e-02,1.270467010696437610e-04
0.000000000000000000e+00,-1.544368267059326172e-01,-1.546615794550582068e-01,2.247527491255896237e-04
0.000000000000000000e+00,1.273697614669799805e-02,1.272170697885740068e-02,1.526916784059736965e-05
0.000000000000000000e+00,-1.325315833091735840e-01,-1.327545581384672047e-01,2.229748292936206688e-04
0.000000000000000000e+00,1.068269554525613785e-02,1.061296668949649954e-02,6.972885575963830296e-05
0.000000000000000000e+00,-1.107493191957473755e-01,-1.111602896714844052e-01,4.109704757370297168e-04
0.000000000000000000e+00,7.963523268699645996e-03,7.871235549084100100e-03,9.228771961554589620e-05
0.000000000000000000e+00,-8.994860947132110596e-02,-9.020031787198140583e-02,2.517084006602998691e-04
0.000000000000000000e+00,4.868924617767333984e-03,4.737795175805300379e-03,1.311294419620336049e-04
0.000000000000000000e+00,-6.978867948055267334e-02,-7.020750856165350329e-02,4.188290811008299475e-04
0.000000000000000000e+00,1.758217811584472656e-03,1.650395680661400103e-03,1.078221309230725528e-04
0.000000000000000000e+00,-5.155992135405540466e-02,-5.167587167345730204e-02,1.159503194018973726e-04
0.000000000000000000e+00,-4.783943295478820801e-04,-5.892910089982000051e-04,1.108966794503179251e-04
0.000000000000000000e+00,-3.708072751760482788e-02,-3.701608221589010317e-02,6.464530171472471221e-05
0.000000000000000000e+00,-7.910355925559997559e-04,-4.553936343719000167e-04,3.356419581840997392e-04
0.000000000000000000e+00,-2.672854624688625336e-02,-2.678606521211160038e-02,5.751896522534702405e-05
0.000000000000000000e+00,2.049021422863006592e-04,-1.250162034157000120e-04,3.299183457020006711e-04
0.000000000000000000e+00,-2.348790876567363739e-02,-2.326370516604889943e-02,2.242035996247379592e-04
0.000000000000000000e+00,-4.736992996186017990e-03,-4.609675730471300345e-03,1.273172657147176451e-04
0.000000000000000000e+00,-3.320601582527160645e-02,-3.325084606362729844e-02,4.483023835569199811e-05
0.000000000000000000e+00,-4.732735455036163330e-03,-4.468157938890399833e-03,2.645775161457634972e-04
0.000000000000000000e+00,-4.569185525178909302e-02,-4.580289676402000271e-02,1.110415122309096891e-04
0.000000000000000000e+00,-5.121814087033271790e-03,-4.821754405838400356e-03,3.000596811948714332e-04
0.000000000000000000e+00,-6.165172159671783447e-02,-6.141386310793219699e-02,2.378584887856374785e-04
0.000000000000000000e+00,-5.677673965692520142e-03,-5.627705608489099592e-03,4.996835720342054921e-05
0.000000000000000000e+00,-7.966684550046920776e-02,-7.971834823708219553e-02,5.150273661298776506e-05
0.000000000000000000e+00,-7.464376278221607208e-03,-7.333886930265099725e-03,1.304893479565074829e-04
0.000000000000000000e+00,-9.968666732311248779e-02,-9.974285255154230478e-02,5.618522842981699128e-05
0.000000000000000000e+00,-9.743475355207920074e-03,-9.622019276304500865e-03,1.214560789034192095e-04
0.000000000000000000e+00,-1.207794100046157837e-01,-1.207706019484807020e-01,8.808056135081732130e-06
0.000000000000000000e+00,-1.237388048321008682e-02,-1.219307158649060065e-02,1.808088967194861757e-04
0.000000000000000000e+00,-1.425507664680480957e-01,-1.422898154548495053e-01,2.609510131985903758e-04
0.000000000000000000e+00,-1.489094644784927368e-02,-1.482174520030470066e-02,6.920124754457301908e-05
0.000000000000000000e+00,-1.637861579656600952e-01,-1.639029333686576051e-01,1.167754029975098806e-04
0.000000000000000000e+00,-1.732624135911464691e-02,-1.734134659398560083e-02,1.510523487095391526e-05
0.000000000000000000e+00,-1.850608438253402710e-01,-1.852590849409609108e-01,1.982411156206398406e-04
0.000000000000000000e+00,-1.953170821070671082e-02,-1.960535863955849972e-02,7.365042885178890719e-05
0.000000000000000000e+00,-2.058499753475189209e-01,-2.060053625892281914e-01,1.553872417092705405e-04
0.000000000000000000e+00,-2.134638093411922455e-02,-2.144945861176469903e-02,1.030776776454744859e-04
0.000000000000000000e+00,-2.256956249475479126e-01,-2.257346167890648958e-01,3.899184151698320555e-05
0.000000000000000000e+00,-2.263859286904335022e-02,-2.265680111439340172e-02,1.820824535005149958e-05
0.000000000000000000e+00,-2.437978088855743408e-01,-2.439031628050687128e-01,1.053539194943720059e-04
0.000000000000000000e+00,-2.299508452415466309e-02,-2.293746674141880146e-02,5.761778273586162791e-05
0.000000000000000000e+00,-2.595333456993103027e-01,-2.597394182314439748e-01,2.060725321336720484e-04
0.000000000000000000e+00,-2.200595848262310028e-02,-2.197722229066479890e-02,2.873619195830137696e-05
0.000000000000000000e+00,-2.720849215984344482e-01,-2.722319071712978045e-01,1.469855728633562286e-04
0.000000000000000000e+00,-1.965690031647682190e-02,-1.957227951872990077e-02,8.462079774692113365e-05
0.000000000000000000e+00,-2.801091074943542480e-01,-2.802627077637818154e-01,1.536002694275673264e-04
0.000000000000000000e+00,-1.622035726904869080e-02,-1.579713232917449861e-02,4.232249398741921853e-04
0.000000000000000000e+00,-2.827143669128417969e-01,-2.828911073442144097e-01,1.767404313726128606e-04
0.000000000000000000e+00,-1.115229725837707520e-02,-1.110742269121580035e-02,4.487456716127484480e-05
0.000000000000000000e+00,-2.795493304729461670e-01,-2.796725599482834945e-01,1.232294753373275320e-04
0.000000000000000000e+00,-6.293926388025283813e-03,-6.260841602691900355e-03,3.308478533338345823e-05
0.000000000000000000e+00,-2.707746922969818115e-01,-2.708310046733891086e-01,5.631237640729702676e-05
0.000000000000000000e+00,-1.919090747833251953e-03,-2.077514209298100042e-03,1.584234614648480886e-04
0.000000000000000000e+00,-2.572519183158874512e-01,-2.571981554335499021e-01,5.376288233754911161e-05
0.000000000000000000e+00,9.701102972030639648e-04,8.342397748378999707e-04,1.358705223651639942e-04
0.000000000000000000e+00,-2.399345934391021729e-01,-2.399436832955345045e-01,9.089856432331622216e-06
0.000000000000000000e+00,2.415470778942108154e-03,2.248965147971499975e-03,1.665056309706081789e-04
0.000000000000000000e+00,-2.202193289995193481e-01,-2.202443482704760924e-01,2.501927095674427726e-05
0.000000000000000000e+00,2.400852739810943604e-03,2.297354638040900211e-03,1.034981017700433922e-04
0.000000000000000000e+00,-1.989467740058898926e-01,-1.990612084489420119e-01,1.144344430521193612e-04
0.000000000000000000e+00,1.343350857496261597e-03,1.306605117521600053e-03,3.674573997466154367e-05
0.000000000000000000e+00,-1.770241707563400269e-01,-1.770823291037887937e-01,5.815834744876680062e-05
0.000000000000000000e+00,-3.352090716361999512e-04,-3.744455683944999751e-04,3.923649675830002395e-05
0.000000000000000000e+00,-1.546361148357391357e-01,-1.547951732674696101e-01,1.590584317304744033e-04
0.000000000000000000e+00,-2.533995080739259720e-03,-2.475808367109999866e-03,5.818671362925985358e-05
0.000000000000000000e+00,-1.322734206914901733e-01,-1.325998440001338874e-01,3.264233086437140496e-04
0.000000000000000000e+00,-4.739515483379364014e-03,-4.811018079378499672e-03,7.150259599913565828e-05
0.000000000000000000e+00,-1.103478372097015381e-01,-1.108997649759580068e-01,5.519277662564686660e-04
0.000000000000000000e+00,-7.138786837458610535e-03,-7.227629990571999598e-03,8.884315311338906312e-05
0.000000000000000000e+00,-8.985099196434020996e-02,-9.017830184095079749e-02,3.273098766105875246e-04
0.000000000000000000e+00,-9.423227980732917786e-03,-9.543559511856199856e-03,1.203315311232820706e-04
0.000000000000000000e+00,-7.069125026464462280e-02,-7.108931608686469561e-02,3.980658222200728069e-04
0.000000000000000000e+00,-1.138908974826335907e-02,-1.148453632227709915e-02,9.544657401374008476e-05
0.000000000000000000e+00,-5.427068099379539490e-02,-5.454248641841529660e-02,2.718054246199017032e-04
0.000000000000000000e+00,-1.254068501293659210e-02,-1.263391164171340057e-02,9.322662877680847060e-05
0.000000000000000000e+00,-4.091474786400794983e-02,-4.109420995115130315e-02,1.794620871433533216e-04
0.000000000000000000e+00,-1.328082941472530365e-02,-1.319742974527120076e-02,8.339966945410288990e-05
0.000000000000000000e+00,-3.017429634928703308e-02,-3.053195082066280028e-02,3.576544713757671967e-04
0.000000000000000000e+00,-1.290774531662464142e-02,-1.302433185482309956e-02,1.165865381984581423e-04
0.000000000000000000e+00,-2.478413283824920654e-02,-2.482407874556370048e-02,3.994590731449393362e-05
0.000000000000000000e+00,8.886903524398803711e-03,8.913331614283400220e-03,2.642808988459650898e-05
0.000000000000000000e+00,-3.452705964446067810e-02,-3.461177196848239795e-02,8.471232402171985365e-05
0.000000000000000000e+00,8.217900991439819336e-03,8.258041280186100702e-03,4.014028874628136623e-05
0.000000000000000000e+00,-4.698604345321655273e-02,-4.697457888580369723e-02,1.146456741285550862e-05
0.000000000000000000e+00,7.344551384449005127e-03,7.542555589014000167e-03,1.980042045649950400e-04
0.000000000000000000e+00,-6.233848631381988525e-02,-6.221852125055340327e-02,1.199650632664819860e-04
0.000000000000000000e+00,6.459457799792289734e-03,6.470469284754499888e-03,1.101148496221015377e-05
0.000000000000000000e+00,-8.008086681365966797e-02,-8.012181583885380487e-02,4.094902519413690101e-05
0.000000000000000000e+00,5.232401192188262939e-03,5.284509960655500195e-03,5.210876846723725558e-05
0.000000000000000000e+00,-9.979468584060668945e-02,-9.982654291169999750e-02,3.185707109330804254e-05
0.000000000000000000e+00,3.682680428028106689e-03,3.759846779831199897e-03,7.716635180309320760e-05
0.000000000000000000e+00,-1.205733120441436768e-01,-1.206277016798928958e-01,5.438963574921906741e-05
0.000000000000000000e+00,1.571424305438995361e-03,1.811552701941099991e-03,2.401283965021046296e-04
0.000000000000000000e+00,-1.421624571084976196e-01,-1.419917825260859079e-01,1.706745824117117394e-04
0.000000000000000000e+00,-6.353035569190979004e-04,-5.559551065309999629e-04,7.934845038809793753e-05
0.000000000000000000e+00,-1.634178608655929565e-01,-1.635177219149004935e-01,9.986104930753691988e-05
0.000000000000000000e+00,-3.288183361291885376e-03,-3.292148738604600174e-03,3.965377312714797597e-06
0.000000000000000000e+00,-1.847675591707229614e-01,-1.848919985072275118e-01,1.244393365045504130e-04
0.000000000000000000e+00,-6.326857954263687134e-03,-6.320725160218299693e-03,6.132794045387440773e-06
0.000000000000000000e+00,-2.057335078716278076e-01,-2.058575685677850042e-01,1.240606961571966149e-04
0.000000000000000000e+00,-9.560044854879379272e-03,-9.530952001370699214e-03,2.909285350868005826e-05
0.000000000000000000e+00,-2.261195182800292969e-01,-2.261787137228113975e-01,5.919544278210064903e-05
0.000000000000000000e+00,-1.270676404237747192e-02,-1.273750679822369981e-02,3.074275584622788993e-05
0.000000000000000000e+00,-2.454647570848464966e-01,-2.455621195372933996e-01,9.736245244690300282e-05
0.000000000000000000e+00,-1.557054556906223297e-02,-1.560219101164330054e-02,3.164544258106756491e-05
0.000000000000000000e+00,-2.631753087043762207e-01,-2.634104753005627741e-01,2.351665961865534449e-04
0.000000000000000000e+00,-1.749786175787448883e-02,-1.752543821766490081e-02,2.757645979041198347e-05
0.000000000000000000e+00,-2.782496511936187744e-01,-2.784814162264152015e-01,2.317650327964271284e-04
0.000000000000000000e+00,-1.782111823558807373e-02,-1.779301237100430061e-02,2.810586458377312136e-05
0.000000000000000000e+00,-2.886586189270019531e-01,-2.889233894157478000e-01,2.647704887458468548e-04
0.000000000000000000e+00,-1.641477644443511963e-02,-1.605124642297819926e-02,3.635300214569203714e-04
0.000000000000000000e+00,-2.926214933395385742e-01,-2.928578113944064754e-01,2.363180548679011395e-04
0.000000000000000000e+00,-1.276503130793571472e-02,-1.271510463550040021e-02,4.992667243531451193e-05
0.000000000000000000e+00,-2.890534698963165283e-01,-2.892399682218927959e-01,1.864983255762675540e-04
0.000000000000000000e+00,-8.909187279641628265e-03,-8.991991386732499716e-03,8.280410709087145105e-05
0.000000000000000000e+00,-2.783323228359222412e-01,-2.784829377910250092e-01,1.506149551027680111e-04
0.000000000000000000e+00,-6.201524287462234497e-03,-6.305037839724800426e-03,1.035135522625659291e-04
0.000000000000000000e+00,-2.622051835060119629e-01,-2.622459756444877055e-01,4.079213847574258978e-05
0.000000000000000000e+00,-5.439464002847671509e-03,-5.508509339201900050e-03,6.904533635422854115e-05
0.000000000000000000e+00,-2.426495105028152466e-01,-2.426109097023796124e-01,3.860080043563418606e-05
0.000000000000000000e+00,-6.393468938767910004e-03,-6.591085340463699767e-03,1.976164016957897632e-04
0.000000000000000000e+00,-2.211863100528717041e-01,-2.212846281633429057e-01,9.831811047120164737e-05
0.000000000000000000e+00,-8.697351440787315369e-03,-8.909284470521500188e-03,2.119330297341848190e-04
0.000000000000000000e+00,-1.992038935422897339e-01,-1.992327114540679012e-01,2.881791177816728222e-05
0.000000000000000000e+00,-1.165820006281137466e-02,-1.170726169031529977e-02,4.906162750392510652e-05
0.000000000000000000e+00,-1.767369955778121948e-01,-1.768736381139381086e-01,1.366425361259138160e-04
0.000000000000000000e+00,-1.444798149168491364e-02,-1.448658511460419913e-02,3.860362291928549905e-05
0.000000000000000000e+00,-1.540812700986862183e-01,-1.544468909210642005e-01,3.656208223779822131e-04
0.000000000000000000e+00,-1.713204383850097656e-02,-1.701505226674780019e-02,1.169915717531763710e-04
0.000000000000000000e+00,-1.318332403898239136e-01,-1.322135955870132884e-01,3.803551971893748274e-04
0.000000000000000000e+00,-1.917666010558605194e-02,-1.919865696710049835e-02,2.199686151444640858e-05
0.000000000000000000e+00,-1.098599135875701904e-01,-1.105301465648465958e-01,6.702329772764054061e-04
0.000000000000000000e+00,-2.096937596797943115e-02,-2.101612066364820161e-02,4.674469566877045845e-05
0.000000000000000000e+00,-8.935103565454483032e-02,-8.991107062139010175e-02,5.600349668452714313e-04
0.000000000000000000e+00,-2.242003753781318665e-02,-2.250231673355899964e-02,8.227919574581299411e-05
0.000000000000000000e+00,-7.045187056064605713e-02,-7.109542948626840220e-02,6.435589256223450683e-04
0.000000000000000000e+00,-2.368075028061866760e-02,-2.375998604414469861e-02,7.923576352603101114e-05
0.000000000000000000e+00,-5.452261865139007568e-02,-5.511307453974560039e-02,5.904558883555247051e-04
0.000000000000000000e+00,-2.486630529165267944e-02,-2.498882926787939981e-02,1.225239762267203714e-04
0.000000000000000000e+00,-4.188208281993865967e-02,-4.233798139863610005e-02,4.558985786974403820e-04
0.000000000000000000e+00,-2.566456794738769531e-02,-2.581150910480480010e-02,1.469411574171047841e-04
0.000000000000000000e+00,-3.195612505078315735e-02,-3.263683983721980125e-02,6.807147864366439038e-04
0.000000000000000000e+00,-2.661615237593650818e-02,-2.647722094672190149e-02,1.389314292146066887e-04
0.000000000000000000e+00,-2.481920644640922546e-02,-2.507190387104530141e-02,2.526974246360759457e-04
0.000000000000000000e+00,2.070988714694976807e-02,2.061347641321820134e-02,9.641073373156672233e-05
0.000000000000000000e+00,-3.324297070503234863e-02,-3.350399537227279761e-02,2.610246672404489821e-04
0.000000000000000000e+00,2.065759152173995972e-02,2.036534301862140059e-02,2.922485031185591275e-04
0.000000000000000000e+00,-4.551239684224128723e-02,-4.566758998326930080e-02,1.551931410280135704e-04
0.000000000000000000e+00,1.857527531683444977e-02,1.890816308419749833e-02,3.328877673630485645e-04
0.000000000000000000e+00,-6.213568896055221558e-02,-6.211061801498309748e-02,2.507094556911809713e-05
0.000000000000000000e+00,1.871077716350555420e-02,1.861966828594099899e-02,9.110887756455521291e-05
0.000000000000000000e+00,-8.057114481925964355e-02,-8.056875698935429819e-02,2.387829905345362214e-06
0.000000000000000000e+00,1.849568635225296021e-02,1.857155157090700087e-02,7.586521865404066700e-05
0.000000000000000000e+00,-1.004675328731536865e-01,-1.003707225714380036e-01,9.681030171568294485e-05
0.000000000000000000e+00,1.808442547917366028e-02,1.817881536162749972e-02,9.438988245383944653e-05
0.000000000000000000e+00,-1.211253330111503601e-01,-1.210031198268123054e-01,1.222131843380547256e-04
0.000000000000000000e+00,1.692011952400207520e-02,1.712901978712219955e-02,2.089002631201243576e-04
0.000000000000000000e+00,-1.423062086105346680e-01,-1.420702705576037117e-01,2.359380529309562657e-04
0.000000000000000000e+00,1.523081213235855103e-02,1.530452095588910079e-02,7.370882353054976355e-05
0.000000000000000000e+00,-1.632548421621322632e-01,-1.632506383454633003e-01,4.203816668962856440e-06
0.000000000000000000e+00,1.269632577896118164e-02,1.268371905682750059e-02,1.260672213368105310e-05
0.000000000000000000e+00,-1.842876076698303223e-01,-1.842925470921855935e-01,4.939422355271227971e-06
0.000000000000000000e+00,9.256113320589065552e-03,9.279199829828700674e-03,2.308650923963512236e-05
0.000000000000000000e+00,-2.050196677446365356e-01,-2.050263601007656922e-01,6.692356129156529221e-06
0.000000000000000000e+00,5.080951377749443054e-03,5.109627960251899963e-03,2.867658250245690849e-05
0.000000000000000000e+00,-2.253665030002593994e-01,-2.253891210460352013e-01,2.261804577580184272e-05
0.000000000000000000e+00,2.502296119928359985e-04,2.074402960982999920e-04,4.278931589453600654e-05
0.000000000000000000e+00,-2.453622967004776001e-01,-2.454368824845301056e-01,7.458578405250548826e-05
0.000000000000000000e+00,-5.349696613848209381e-03,-5.308170736395599956e-03,4.152587745260942487e-05
0.000000000000000000e+00,-2.651537060737609863e-01,-2.652910145711501744e-01,1.373084973891880445e-04
0.000000000000000000e+00,-1.117081195116043091e-02,-1.100948755985010040e-02,1.613243913103305088e-04
0.000000000000000000e+00,-2.840111851692199707e-01,-2.843100934518836831e-01,2.989082826637123880e-04
0.000000000000000000e+00,-1.558625232428312302e-02,-1.550940368145850047e-02,7.684864282462254559e-05
0.000000000000000000e+00,-2.991664111614227295e-01,-2.995812319430667947e-01,4.148207816440652174e-04
0.000000000000000000e+00,-1.722141914069652557e-02,-1.691943496293379923e-02,3.019841777627263468e-04
0.000000000000000000e+00,-3.061867058277130127e-01,-3.065110638959697154e-01,3.243580682567026585e-04
0.000000000000000000e+00,-1.517073065042495728e-02,-1.507314680597750083e-02,9.758384444745644981e-05
0.000000000000000000e+00,-3.018876314163208008e-01,-3.021683190308026012e-01,2.806876144818004626e-04
0.000000000000000000e+00,-1.231633685529232025e-02,-1.225487845545149973e-02,6.145839984082052121e-05
0.000000000000000000e+00,-2.872243225574493408e-01,-2.874737423071014875e-01,2.494197496521466384e-04
0.000000000000000000e+00,-1.132742781192064285e-02,-1.144109949264470079e-02,1.136716807240579358e-04
0.000000000000000000e+00,-2.665144205093383789e-01,-2.665781854905525106e-01,6.376498121413165521e-05
0.000000000000000000e+00,-1.392268203198909760e-02,-1.399489534476049991e-02,7.221331277140231875e-05
0.000000000000000000e+00,-2.438222169876098633e-01,-2.438588832684475127e-01,3.666628083764944535e-05
0.000000000000000000e+00,-1.851113140583038330e-02,-1.873124020718990035e-02,2.201088013595170478e-04
0.000000000000000000e+00,-2.211246788501739502e-01,-2.212781495213786975e-01,1.534706712047473331e-04
0.000000000000000000e+00,-2.359006553888320923e-02,-2.370296307375870104e-02,1.128975348754918118e-04
0.000000000000000000e+00,-1.988225430250167847e-01,-1.989826765412640031e-01,1.601335162472183882e-04
0.000000000000000000e+00,-2.796048671007156372e-02,-2.792500599544010115e-02,3.548071463146257321e-05
0.000000000000000000e+00,-1.765799075365066528e-01,-1.767573744344385911e-01,1.774668979319382611e-04
0.000000000000000000e+00,-3.123452886939048767e-02,-3.120626286829529875e-02,2.826600109518892512e-05
0.000000000000000000e+00,-1.542406976222991943e-01,-1.545588423774819919e-01,3.181447551827976117e-04
0.000000000000000000e+00,-3.372263535857200623e-02,-3.354887240608159932e-02,1.737629524904069078e-04
0.000000000000000000e+00,-1.322716474533081055e-01,-1.325011746496372045e-01,2.295271963290990147e-04
0.000000000000000000e+00,-3.508950024843215942e-02,-3.499756171111950004e-02,9.193853731265938523e-05
0.000000000000000000e+00,-1.101375743746757507e-01,-1.108324142707414056e-01,6.948398960656548828e-04
0.000000000000000000e+00,-3.576312214136123657e-02,-3.562586035888379993e-02,1.372617824774366446e-04
0.000000000000000000e+00,-8.940751105546951294e-02,-8.993246806485730160e-02,5.249570093877886645e-04
0.000000000000000000e+00,-3.564182668924331665e-02,-3.559316690539769679e-02,4.865978384561986392e-05
0.000000000000000000e+00,-6.984781473875045776e-02,-7.037640847076219452e-02,5.285937320117367610e-04
0.000000000000000000e+00,-3.518677502870559692e-02,-3.525937389740659705e-02,7.259886870100012990e-05
0.000000000000000000e+00,-5.247169733047485352e-02,-5.298731894999070269e-02,5.156216195158491722e-04
0.000000000000000000e+00,-3.518533706665039062e-02,-3.530385592814629797e-02,1.185188614959073461e-04
0.000000000000000000e+00,-4.023037478327751160e-02,-4.063900181210180346e-02,4.086270288242918602e-04
0.000000000000000000e+00,-3.671789169311523438e-02,-3.687286778014439714e-02,1.549760870291627679e-04
0.000000000000000000e+00,-3.261504322290420532e-02,-3.292908615030640251e-02,3.140429274021971917e-04
0.000000000000000000e+00,-3.729826211929321289e-02,-3.696873856827800203e-02,3.295235510152108582e-04
0.000000000000000000e+00,-2.136570774018764496e-02,-2.173993227878700044e-02,3.742245385993554774e-04
0.000000000000000000e+00,3.065444529056549072e-02,3.053520065797700120e-02,1.192446325884895242e-04
0.000000000000000000e+00,-2.708280272781848907e-02,-2.732687932910710105e-02,2.440766012886119718e-04
0.000000000000000000e+00,2.578581869602203369e-02,2.544072397919459882e-02,3.450947168274348664e-04
0.000000000000000000e+00,-4.484091326594352722e-02,-4.502250129104740095e-02,1.815880251038737292e-04
0.000000000000000000e+00,2.784093096852302551e-02,2.808484779275400092e-02,2.439168242309754098e-04
0.000000000000000000e+00,-6.329034268856048584e-02,-6.323359017151969352e-02,5.675251704079231629e-05
0.000000000000000000e+00,3.176845982670783997e-02,3.150093281077590013e-02,2.675270159319398378e-04
0.000000000000000000e+00,-8.241581916809082031e-02,-8.243259862819299344e-02,1.677946010217312711e-05
0.000000000000000000e+00,3.417890518903732300e-02,3.416289931197050156e-02,1.600587706682143896e-05
0.000000000000000000e+00,-1.024560853838920593e-01,-1.022945066554605958e-01,1.615787284314634809e-04
0.000000000000000000e+00,3.555747494101524353e-02,3.567101265314229913e-02,1.135377121270556011e-04
0.000000000000000000e+00,-1.228750422596931458e-01,-1.226364941449628043e-01,2.385481147303414318e-04
0.000000000000000000e+00,3.571641072630882263e-02,3.593082668531139695e-02,2.144159590025743189e-04
0.000000000000000000e+00,-1.432404220104217529e-01,-1.432356934138702131e-01,4.728596551539787640e-06
0.000000000000000000e+00,3.483936190605163574e-02,3.495609372321269864e-02,1.167318171610629007e-04
0.000000000000000000e+00,-1.637700200080871582e-01,-1.638592709486574872e-01,8.925094057032900707e-05
0.000000000000000000e+00,3.269395604729652405e-02,3.279501248906759731e-02,1.010564417710732577e-04
0.000000000000000000e+00,-1.843959987163543701e-01,-1.842995190927818883e-01,9.647962357248185405e-05
0.000000000000000000e+00,2.932203747332096100e-02,2.949219394086570120e-02,1.701564675447402031e-04
0.000000000000000000e+00,-2.044424414634704590e-01,-2.044192516001946958e-01,2.318986327576322282e-05
0.000000000000000000e+00,2.513339370489120483e-02,2.505597543644530120e-02,7.741826844590363188e-05
0.000000000000000000e+00,-2.242065668106079102e-01,-2.242151226084614923e-01,8.555797853582181034e-06
0.000000000000000000e+00,1.939512044191360474e-02,1.941853652578990133e-02,2.341608387629659505e-05
0.000000000000000000e+00,-2.439685910940170288e-01,-2.439264641061620054e-01,4.212698785502344556e-05
0.000000000000000000e+00,1.235541049391031265e-02,1.238466418363869982e-02,2.925368972838716941e-05
0.000000000000000000e+00,-2.639549374580383301e-01,-2.641908747524212009e-01,2.359372943828708102e-04
0.000000000000000000e+00,3.449394833296537399e-03,3.607944076607800046e-03,1.585492433112626470e-04
0.000000000000000000e+00,-2.864549458026885986e-01,-2.866049999552288119e-01,1.500541525402132592e-04
0.000000000000000000e+00,-7.458074018359184265e-03,-7.207270643723599594e-03,2.508033746355846708e-04
0.000000000000000000e+00,-3.106632828712463379e-01,-3.104967251899147795e-01,1.665576813315583493e-04
0.000000000000000000e+00,-1.644818484783172607e-02,-1.681856444226510067e-02,3.703795944333745926e-04
0.000000000000000000e+00,-3.254780471324920654e-01,-3.267366751867353813e-01,1.258628054243315919e-03
0.000000000000000000e+00,-1.849025860428810120e-02,-1.898505917531380024e-02,4.948005710256990486e-04
0.000000000000000000e+00,-3.204546272754669189e-01,-3.205273734909361849e-01,7.274621546926596238e-05
0.000000000000000000e+00,-1.791532710194587708e-02,-1.716584487004600007e-02,7.494822318998770050e-04
0.000000000000000000e+00,-2.964610755443572998e-01,-2.960211110124436051e-01,4.399645319136946675e-04
0.000000000000000000e+00,-2.089429646730422974e-02,-2.170279749712209980e-02,8.085010298178700594e-04
0.000000000000000000e+00,-2.678053975105285645e-01,-2.685742393820179097e-01,7.688418714893452410e-04
0.000000000000000000e+00,-3.062325529754161835e-02,-3.129420823607399760e-02,6.709529385323792505e-04
0.000000000000000000e+00,-2.434279918670654297e-01,-2.438691320309223920e-01,4.411401638569623085e-04
0.000000000000000000e+00,-4.022666066884994507e-02,-3.988972431625269904e-02,3.369363525972460249e-04
0.000000000000000000e+00,-2.213971614837646484e-01,-2.213663961765630073e-01,3.076530720164116772e-05
0.000000000000000000e+00,-4.589098319411277771e-02,-4.594552669897500330e-02,5.454350486222558914e-05
0.000000000000000000e+00,-1.993179768323898315e-01,-1.995446999232750873e-01,2.267230908852557736e-04
0.000000000000000000e+00,-5.033617466688156128e-02,-5.014907747177330122e-02,1.870971951082600615e-04
0.000000000000000000e+00,-1.775972992181777954e-01,-1.778668460689047104e-01,2.695468507269149772e-04
0.000000000000000000e+00,-5.337206646800041199e-02,-5.289529137009450072e-02,4.767750979059112715e-04
0.000000000000000000e+00,-1.559332311153411865e-01,-1.561746769460561068e-01,2.414458307149203176e-04
0.000000000000000000e+00,-5.477588996291160583e-02,-5.434328298718919814e-02,4.326069757224076939e-04
0.000000000000000000e+00,-1.343863159418106079e-01,-1.345196060652268100e-01,1.332901234162020554e-04
0.000000000000000000e+00,-5.483783781528472900e-02,-5.451253366347900281e-02,3.253041518057261938e-04
0.000000000000000000e+00,-1.124064251780509949e-01,-1.130543413252270979e-01,6.479161471761030189e-04
0.000000000000000000e+00,-5.367734655737876892e-02,-5.335959760066839863e-02,3.177489567103702894e-04
0.000000000000000000e+00,-9.147983044385910034e-02,-9.197367768924169518e-02,4.938472453825948350e-04
0.000000000000000000e+00,-5.103735253214836121e-02,-5.084259875274289853e-02,1.947537794054626792e-04
0.000000000000000000e+00,-7.104361057281494141e-02,-7.147227692165229740e-02,4.286663488373559927e-04
0.000000000000000000e+00,-4.686746373772621155e-02,-4.702290895591910297e-02,1.554452181928914212e-04
0.000000000000000000e+00,-5.153248459100723267e-02,-5.195985971007249793e-02,4.273751190652652632e-04
0.000000000000000000e+00,-4.199381545186042786e-02,-4.231819579061799758e-02,3.243803387575697195e-04
0.000000000000000000e+00,-3.227391093969345093e-02,-3.279783065973169986e-02,5.239197200382489372e-04
0.000000000000000000e+00,-3.822212666273117065e-02,-3.854788833322209812e-02,3.257616704909274685e-04
0.000000000000000000e+00,-2.783888578414916992e-02,-2.827330929350150082e-02,4.344235093523308999e-04
0.000000000000000000e+00,-4.528590291738510132e-02,-4.497271620310219764e-02,3.131867142829036776e-04
0.000000000000000000e+00,-1.070671714842319489e-05,0.000000000000000000e+00,1.070671714842319489e-05
0.000000000000000000e+00,1.782039180397987366e-05,0.000000000000000000e+00,1.782039180397987366e-05
0.000000000000000000e+00,-3.332557156682014465e-02,-3.353549680460490151e-02,2.099252377847568574e-04
0.000000000000000000e+00,2.539465390145778656e-02,2.501395602613089991e-02,3.806978753268866478e-04
0.000000000000000000e+00,-4.957890510559082031e-02,-4.993366469080069703e-02,3.547595852098767155e-04
0.000000000000000000e+00,4.079920053482055664e-02,4.083817885133809999e-02,3.897831651754335436e-05
0.000000000000000000e+00,-6.819563359022140503e-02,-6.829580147647740240e-02,1.001678862559973737e-04
0.000000000000000000e+00,5.000068619847297668e-02,4.981236173075719725e-02,1.883244677157794311e-04
0.000000000000000000e+00,-8.693883568048477173e-02,-8.710650293128489874e-02,1.676672508001270101e-04
0.000000000000000000e+00,5.539800226688385010e-02,5.550227585630589794e-02,1.042735894220478410e-04
0.000000000000000000e+00,-1.065510883927345276e-01,-1.064287577098323029e-01,1.223306829022247078e-04
0.000000000000000000e+00,5.868489295244216919e-02,5.890733223344170322e-02,2.224392809995340281e-04
0.000000000000000000e+00,-1.263130307197570801e-01,-1.261292037329020121e-01,1.838269868550679309e-04
0.000000000000000000e+00,5.976328253746032715e-02,6.045737723916579792e-02,6.940947017054707735e-04
0.000000000000000000e+00,-1.458516120910644531e-01,-1.460261125811042893e-01,1.745004900398361425e-04
0.000000000000000000e+00,5.996472388505935669e-02,6.035712942612309756e-02,3.924055410637408703e-04
0.000000000000000000e+00,-1.661701500415802002e-01,-1.659124605674343056e-01,2.576894741458946037e-04
0.000000000000000000e+00,5.864396318793296814e-02,5.874876582881410209e-02,1.048026408811339460e-04
0.000000000000000000e+00,-1.853139251470565796e-01,-1.856049002238250034e-01,2.909750767684238237e-04
0.000000000000000000e+00,5.571303889155387878e-02,5.576665069028990257e-02,5.361179873602378576e-05
0.000000000000000000e+00,-2.049539834260940552e-01,-2.049957562555569934e-01,4.177282946293825461e-05
0.000000000000000000e+00,5.152060091495513916e-02,5.155225361718879934e-02,3.165270223366017932e-05
0.000000000000000000e+00,-2.243809700012207031e-01,-2.241259356930052904e-01,2.550343082154127305e-04
0.000000000000000000e+00,4.619469493627548218e-02,4.624513256178870019e-02,5.043762551321800958e-05
0.000000000000000000e+00,-2.431474030017852783e-01,-2.433082257665913073e-01,1.608227648060289727e-04
0.000000000000000000e+00,3.991288319230079651e-02,3.993341118850839838e-02,2.052799620760187294e-05
0.000000000000000000e+00,-2.628501057624816895e-01,-2.634277750873912916e-01,5.776693249096020999e-04
0.000000000000000000e+00,3.222525864839553833e-02,3.248155531264539791e-02,2.562966642498595848e-04
0.000000000000000000e+00,-2.871474325656890869e-01,-2.862204136160383938e-01,9.270189496506930915e-04
0.000000000000000000e+00,2.263468876481056213e-02,2.288537172648190052e-02,2.506829616713383835e-04
-1.118169932601942085e+00,-3.205820322036743164e-01,-3.213455829025160249e-01,7.635506988417084528e-04
-1.545205526169295129e-01,6.531963124871253967e-03,6.470551349075299649e-03,6.141177579595431812e-05
-2.236339865203889055e+00,-3.466688692569732666e-01,-3.481547660559328738e-01,1.485896798959607246e-03
-3.090411052338519760e-01,-1.695963367819786072e-02,-1.689162544149579864e-02,6.800823670206207483e-05
-2.236339865203890387e+00,-3.420000672340393066e-01,-3.429568906999337918e-01,9.568234658944851923e-04
-3.090411052338513098e-01,-4.110828042030334473e-02,-4.138641178311239927e-02,2.781313628090545387e-04
-1.118169932601950745e+00,-3.086915314197540283e-01,-3.099231820999341913e-01,1.231650680180162993e-03
-1.545205526169224075e-01,-5.936098098754882812e-02,-5.956082363972239890e-02,1.998426521735707784e-04
0.000000000000000000e+00,-2.718641757965087891e-01,-2.718854348745400884e-01,2.125907803129933882e-05
0.000000000000000000e+00,-6.854148209095001221e-02,-6.869824130872349832e-02,1.567592177734861147e-04
0.000000000000000000e+00,-2.450877726078033447e-01,-2.462791063771745947e-01,1.191333769371250018e-03
0.000000000000000000e+00,-7.313566654920578003e-02,-7.314322456260530236e-02,7.558013399522334197e-06
0.000000000000000000e+00,-2.239140868186950684e-01,-2.236150239059357947e-01,2.990629127592736580e-04
0.000000000000000000e+00,-7.638226449489593506e-02,-7.645238233894299795e-02,7.011784404706289386e-05
0.000000000000000000e+00,-2.019318044185638428e-01,-2.021208805850348011e-01,1.890761664709583734e-04
0.000000000000000000e+00,-7.962463796138763428e-02,-7.899109524553320216e-02,6.335427158544321147e-04
0.000000000000000000e+00,-1.806465238332748413e-01,-1.809669227341322018e-01,3.203989008573604469e-04
0.000000000000000000e+00,-8.145130425691604614e-02,-8.059285398627780150e-02,8.584502706382446391e-04
0.000000000000000000e+00,-1.596248000860214233e-01,-1.598934400114198073e-01,2.686399253983839941e-04
0.000000000000000000e+00,-8.165182918310165405e-02,-8.100880756042780351e-02,6.430216226738505458e-04
0.000000000000000000e+00,-1.386700868606567383e-01,-1.388927312474035058e-01,2.226443867467675641e-04
0.000000000000000000e+00,-8.071395754814147949e-02,-7.998661601749100514e-02,7.273415306504743549e-04
0.000000000000000000e+00,-1.174879074096679688e-01,-1.180744813545386018e-01,5.865739448706330794e-04
0.000000000000000000e+00,-7.774402201175689697e-02,-7.725829236058699701e-02,4.857296511698999675e-04
0.000000000000000000e+00,-9.689474105834960938e-02,-9.757947718940540582e-02,6.847361310557964487e-04
0.000000000000000000e+00,-7.253385335206985474e-02,-7.246834315669670179e-02,6.551019537315294627e-05
0.000000000000000000e+00,-7.690040767192840576e-02,-7.754730011595499517e-02,6.468924440265894082e-04
0.000000000000000000e+00,-6.462088227272033691e-02,-6.496604040584150197e-02,3.451581331211650561e-04
0.000000000000000000e+00,-5.738241598010063171e-02,-5.793690161285659779e-02,5.544856327559660736e-04
0.000000000000000000e+00,-5.304353684186935425e-02,-5.336085447803509685e-02,3.173176361657426003e-04
0.000000000000000000e+00,-4.020974412560462952e-02,-4.088863985349640295e-02,6.788957278917734373e-04
0.000000000000000000e+00,-3.259075433015823364e-02,-3.283372481876650067e-02,2.429704886082670323e-04
0.000000000000000000e+00,1.729931682348251343e-07,0.000000000000000000e+00,1.729931682348251343e-07
0.000000000000000000e+00,1.757405698299407959e-06,0.000000000000000000e+00,1.757405698299407959e-06
