0.000000000000000000e+00,-2.998788841068744659e-05,0.000000000000000000e+00,2.998788841068744659e-05
0.000000000000000000e+00,-3.963382914662361145e-05,0.000000000000000000e+00,3.963382914662361145e-05
0.000000000000000000e+00,-2.279147133231163025e-02,-2.279047122881560153e-02,1.000103496028720285e-06
0.000000000000000000e+00,-2.623908221721649170e-02,-2.623655348908450133e-02,2.528728131990370942e-06
0.000000000000000000e+00,-4.120190441608428955e-02,-4.122756328973890133e-02,2.565887365461178016e-05
0.000000000000000000e+00,-4.300871863961219788e-02,-4.300785188418179694e-02,8.667554304009339461e-07
0.000000000000000000e+00,-6.034016981720924377e-02,-6.030189241338940187e-02,3.827740381984190421e-05
0.000000000000000000e+00,-5.411968007683753967e-02,-5.408881208254549822e-02,3.086799429204145628e-05
0.000000000000000000e+00,-7.949119061231613159e-02,-7.945863504053790605e-02,3.255557177822554493e-05
0.000000000000000000e+00,-6.199070438742637634e-02,-6.200637643472720062e-02,1.567204730082427666e-05
0.000000000000000000e+00,-9.901275485754013062e-02,-9.896794738234289401e-02,4.480747519723660144e-05
0.000000000000000000e+00,-6.772966682910919189e-02,-6.776665266724460346e-02,3.698583813541156395e-05
0.000000000000000000e+00,-1.188295036554336548e-01,-1.188249818941334995e-01,4.521761300155247021e-06
0.000000000000000000e+00,-7.166536152362823486e-02,-7.172408544983860379e-02,5.872392621036892635e-05
0.000000000000000000e+00,-1.389453858137130737e-01,-1.388991580308482077e-01,4.622778286486606270e-05
0.000000000000000000e+00,-7.390938699245452881e-02,-7.394058667463750123e-02,3.119968218297242135e-05
0.000000000000000000e+00,-1.589709073305130005e-01,-1.589415861399786079e-01,2.932119053439263823e-05
0.000000000000000000e+00,-7.430647313594818115e-02,-7.435225249352120369e-02,4.577935757302253883e-05
0.000000000000000000e+00,-1.786008030176162720e-01,-1.786017054050275110e-01,9.023874112390473101e-07
0.000000000000000000e+00,-7.279738038778305054e-02,-7.284632421882170084e-02,4.894383103865029838e-05
0.000000000000000000e+00,-1.974270790815353394e-01,-1.974342285271964981e-01,7.149445661158715382e-06
0.000000000000000000e+00,-6.929120421409606934e-02,-6.930546159665419703e-02,1.425738255812769584e-05
0.000000000000000000e+00,-2.149065732955932617e-01,-2.149040243633728864e-01,2.548932220375332847e-06
0.000000000000000000e+00,-6.362791359424591064e-02,-6.364581260196529311e-02,1.789900771938246482e-05
0.000000000000000000e+00,-2.303617447614669800e-01,-2.303993585234530017e-01,3.761376198602173204e-05
0.000000000000000000e+00,-5.583137646317481995e-02,-5.585936642611150083e-02,2.798996293668087887e-05
0.000000000000000000e+00,-2.432698607444763184e-01,-2.432640762759772923e-01,5.784468499026029775e-06
0.000000000000000000e+00,-4.603831097483634949e-02,-4.605919568167109873e-02,2.088470683474924483e-05
0.000000000000000000e+00,-2.528313100337982178e-01,-2.528541662219206954e-01,2.285618812247758314e-05
0.000000000000000000e+00,-3.449494019150733948e-02,-3.451720972764740075e-02,2.226953614006127458e-05
0.000000000000000000e+00,-2.586022019386291504e-01,-2.586149934039690956e-01,1.279146533994524049e-05
0.000000000000000000e+00,-2.168770134449005127e-02,-2.167941533406270160e-02,8.286010427349665974e-06
0.000000000000000000e+00,-2.601561248302459717e-01,-2.601645533583418768e-01,8.428528095905107875e-06
0.000000000000000000e+00,-8.153760805726051331e-03,-8.145782514160000015e-03,7.978291566051315398e-06
0.000000000000000000e+00,-2.573542892932891846e-01,-2.573608457225057267e-01,6.556429216542092320e-06
0.000000000000000000e+00,5.397856701165437698e-03,5.387824773450800193e-03,1.003192771463750493e-05
0.000000000000000000e+00,-2.503193318843841553e-01,-2.503326501551905170e-01,1.331827080636172056e-05
0.000000000000000000e+00,1.823441684246063232e-02,1.821456296920790155e-02,1.985387325273077486e-05
0.000000000000000000e+00,-2.394508272409439087e-01,-2.394630624288723864e-01,1.223518792847766434e-05
0.000000000000000000e+00,2.970524504780769348e-02,2.970616560801930123e-02,9.205602116077460373e-07
0.000000000000000000e+00,-2.253052294254302979e-01,-2.253307201293469064e-01,2.549070391660857027e-05
0.000000000000000000e+00,3.935946896672248840e-02,3.938267416884549954e-02,2.320520212301113716e-05
0.000000000000000000e+00,-2.086018919944763184e-01,-2.086265164008621886e-01,2.462440638587026775e-05
0.000000000000000000e+00,4.694724082946777344e-02,4.694629994439310228e-02,9.408850746711605595e-07
0.000000000000000000e+00,-1.900515854358673096e-01,-1.900683269075947035e-01,1.674147172739393064e-05
0.000000000000000000e+00,5.227274075150489807e-02,5.227671897460099693e-02,3.978223096098854050e-06
0.000000000000000000e+00,-1.703193783760070801e-01,-1.703316246293599956e-01,1.224625335291551487e-05
0.000000000000000000e+00,5.540127679705619812e-02,5.539777566792299796e-02,3.501129133200164834e-06
0.000000000000000000e+00,-1.499477922916412354e-01,-1.500030531738728024e-01,5.526088223156699897e-05
0.000000000000000000e+00,5.645927786827087402e-02,5.643064570191989870e-02,2.863216635097531881e-05
0.000000000000000000e+00,-1.295521110296249390e-01,-1.295527687370439940e-01,6.577074190550202815e-07
0.000000000000000000e+00,5.555687472224235535e-02,5.554515063434029704e-02,1.172408790205831108e-05
0.000000000000000000e+00,-1.093219444155693054e-01,-1.093138175254378952e-01,8.126890131410213769e-06
0.000000000000000000e+00,5.294077470898628235e-02,5.290996660703990023e-02,3.080810194638211597e-05
0.000000000000000000e+00,-8.943147957324981689e-02,-8.945299166915959832e-02,2.151209590978142572e-05
0.000000000000000000e+00,4.862755909562110901e-02,4.862487976016269947e-02,2.679335458409537463e-06
0.000000000000000000e+00,-6.997316330671310425e-02,-6.993904030506309377e-02,3.412300165001047603e-05
0.000000000000000000e+00,4.263364523649215698e-02,4.258715216895220257e-02,4.649306753995441355e-05
0.000000000000000000e+00,-5.030557885766029358e-02,-5.030486176503520118e-02,7.170926250923970180e-07
0.000000000000000000e+00,3.418501093983650208e-02,3.419073484343430197e-02,5.723903597799895326e-06
0.000000000000000000e+00,-3.054748103022575378e-02,-3.056399534360530051e-02,1.651431337954673007e-05
0.000000000000000000e+00,2.142035216093063354e-02,2.142852103905809949e-02,8.168878127465944994e-06
0.000000000000000000e+00,-2.236478030681610107e-05,0.000000000000000000e+00,2.236478030681610107e-05
0.000000000000000000e+00,-1.056748442351818085e-05,0.000000000000000000e+00,1.056748442351818085e-05
0.000000000000000000e+00,-1.660466194152832031e-02,-1.658639490510080070e-02,1.826703642751961731e-05
0.000000000000000000e+00,-2.600228041410446167e-02,-2.600186028385989903e-02,4.201302445626386994e-07
0.000000000000000000e+00,-2.068616822361946106e-02,-2.069198548656369860e-02,5.817262944237538980e-06
0.000000000000000000e+00,-2.072748169302940369e-02,-2.074744514744149976e-02,1.996345441209607108e-05
0.000000000000000000e+00,-3.958939388394355774e-02,-3.958635325913299752e-02,3.040624810560221825e-06
0.000000000000000000e+00,-2.490287274122238159e-02,-2.494437002789700111e-02,4.149728667461952125e-05
0.000000000000000000e+00,-5.921143665909767151e-02,-5.921485044340139836e-02,3.413784303726852265e-06
0.000000000000000000e+00,-3.117691352963447571e-02,-3.118840738214090011e-02,1.149385250642440126e-05
0.000000000000000000e+00,-7.934570312500000000e-02,-7.930727841459969674e-02,3.842471040030326357e-05
0.000000000000000000e+00,-3.717182204127311707e-02,-3.716158288481880012e-02,1.023915645431694443e-05
0.000000000000000000e+00,-9.973993152379989624e-02,-9.973655862686120477e-02,3.372896938691472002e-06
0.000000000000000000e+00,-4.214731976389884949e-02,-4.218607222751240282e-02,3.875246361355333402e-05
0.000000000000000000e+00,-1.204969584941864014e-01,-1.204854482901240031e-01,1.151020406239822158e-05
0.000000000000000000e+00,-4.605374857783317566e-02,-4.607339301636789730e-02,1.964443853472164214e-05
0.000000000000000000e+00,-1.414262056350708008e-01,-1.414133167344832909e-01,1.288890058750991052e-05
0.000000000000000000e+00,-4.870955273509025574e-02,-4.874027027686499841e-02,3.071754177474267378e-05
0.000000000000000000e+00,-1.622794270515441895e-01,-1.622687349132234114e-01,1.069213832077808846e-05
0.000000000000000000e+00,-5.007612705230712891e-02,-5.011056514587779870e-02,3.443809357066979215e-05
0.000000000000000000e+00,-1.827104538679122925e-01,-1.827029413867587992e-01,7.512481153493233421e-06
0.000000000000000000e+00,-5.005715414881706238e-02,-5.009427827301769776e-02,3.712412420063537777e-05
0.000000000000000000e+00,-2.022895216941833496e-01,-2.022748410524830009e-01,1.468064170034866223e-05
0.000000000000000000e+00,-4.857614636421203613e-02,-4.859325493567109855e-02,1.710857145906241605e-05
0.000000000000000000e+00,-2.204377353191375732e-01,-2.204505808849651083e-01,1.284556582753504372e-05
0.000000000000000000e+00,-4.549786075949668884e-02,-4.552120736185680250e-02,2.334660236011365519e-05
0.000000000000000000e+00,-2.365943491458892822e-01,-2.366099358945646935e-01,1.558674867541132159e-05
0.000000000000000000e+00,-4.078141227364540100e-02,-4.083652071381040083e-02,5.510844016499982789e-05
0.000000000000000000e+00,-2.500603199005126953e-01,-2.500732259873044150e-01,1.290608679171967310e-05
0.000000000000000000e+00,-3.456826880574226379e-02,-3.458534988247270042e-02,1.708107673043662844e-05
0.000000000000000000e+00,-2.601756453514099121e-01,-2.601582584271157073e-01,1.738692429420485297e-05
0.000000000000000000e+00,-2.694931253790855408e-02,-2.694444868285309977e-02,4.863855055454308074e-06
0.000000000000000000e+00,-2.662546932697296143e-01,-2.662648430002623745e-01,1.014973053276024828e-05
0.000000000000000000e+00,-1.820273697376251221e-02,-1.824585858393710028e-02,4.312161017458807089e-05
0.000000000000000000e+00,-2.679712772369384766e-01,-2.679704277970256787e-01,8.494399127978446984e-07
0.000000000000000000e+00,-8.929138071835041046e-03,-8.966753739352899266e-03,3.761566751785822005e-05
0.000000000000000000e+00,-2.651040852069854736e-01,-2.651101296309356092e-01,6.044423950135602297e-06
0.000000000000000000e+00,3.574718721210956573e-04,3.224890474483999947e-04,3.498282467269566267e-05
0.000000000000000000e+00,-2.578084468841552734e-01,-2.578145256300584109e-01,6.078745903137505735e-06
0.000000000000000000e+00,9.069858118891716003e-03,9.040764658737199949e-03,2.909346015451605427e-05
0.000000000000000000e+00,-2.464596331119537354e-01,-2.464919549655117115e-01,3.232185355797612125e-05
0.000000000000000000e+00,1.669298484921455383e-02,1.668393146181480075e-02,9.053387399753087816e-06
0.000000000000000000e+00,-2.317741364240646362e-01,-2.317607450985849915e-01,1.339132547964472231e-05
0.000000000000000000e+00,2.286512777209281921e-02,2.288995624060890036e-02,2.482846851608114247e-05
0.000000000000000000e+00,-2.143380641937255859e-01,-2.143536488185253941e-01,1.558462479980815552e-05
0.000000000000000000e+00,2.743405476212501526e-02,2.746304783436529992e-02,2.899307224028466190e-05
0.000000000000000000e+00,-1.950342357158660889e-01,-1.950227519896627904e-01,1.148372620329851657e-05
0.000000000000000000e+00,3.036448359489440918e-02,3.035699888020710127e-02,7.484714687307908454e-06
0.000000000000000000e+00,-1.744591593742370605e-01,-1.744663769584244017e-01,7.217584187341197222e-06
0.000000000000000000e+00,3.163309395313262939e-02,3.163186511590800054e-02,1.228837224628853697e-06
0.000000000000000000e+00,-1.532750129699707031e-01,-1.532856988858299907e-01,1.068591585928757581e-05
0.000000000000000000e+00,3.143130987882614136e-02,3.140362823419960009e-02,2.768164462654126856e-05
0.000000000000000000e+00,-1.319243162870407104e-01,-1.319639193774377051e-01,3.960309039699461131e-05
0.000000000000000000e+00,2.980463579297065735e-02,2.980191142760369935e-02,2.724365366957998136e-06
0.000000000000000000e+00,-1.108124405145645142e-01,-1.108515808628978971e-01,3.914034833338297936e-05
0.000000000000000000e+00,2.695398405194282532e-02,2.694290577437529963e-02,1.107827756752569059e-05
0.000000000000000000e+00,-9.014010429382324219e-02,-9.014254364989289503e-02,2.439356069652842685e-06
0.000000000000000000e+00,2.296973392367362976e-02,2.292383493796469954e-02,4.589898570893022334e-05
0.000000000000000000e+00,-6.983876973390579224e-02,-6.982424967012010320e-02,1.452006378568904132e-05
0.000000000000000000e+00,1.786658167839050293e-02,1.786363748289050007e-02,2.944195500002855237e-06
0.000000000000000000e+00,-4.980261251330375671e-02,-4.978275714539930064e-02,1.985536790445607824e-05
0.000000000000000000e+00,1.215452887117862701e-02,1.214564680567289945e-02,8.882065505727565480e-06
0.000000000000000000e+00,-2.923562377691268921e-02,-2.919160985880590170e-02,4.401391810678750849e-05
0.000000000000000000e+00,7.245402783155441284e-03,7.258764889434299664e-03,1.336210627885837943e-05
0.000000000000000000e+00,-1.966905221343040466e-02,-1.962342924055330076e-02,4.562297287710390115e-05
0.000000000000000000e+00,1.121909543871879578e-02,1.127107252272169929e-02,5.197708400290351749e-05
0.000000000000000000e+00,-2.085770294070243835e-02,-2.082170321641819977e-02,3.599972428423858783e-05
0.000000000000000000e+00,-1.654661074280738831e-02,-1.658455985871780045e-02,3.794911591041214005e-05
0.000000000000000000e+00,-2.939286828041076660e-02,-2.937114310787029836e-02,2.172517254046824053e-05
0.000000000000000000e+00,-1.646671816706657410e-02,-1.641725463524270137e-02,4.946353182387272507e-05
0.000000000000000000e+00,-4.217668622732162476e-02,-4.218054882435409714e-02,3.862597032472381287e-06
0.000000000000000000e+00,-1.562780886888504028e-02,-1.567330518132329861e-02,4.549631243825832949e-05
0.000000000000000000e+00,-5.979545041918754578e-02,-5.976024214550129665e-02,3.520827368624912523e-05
0.000000000000000000e+00,-1.745856180787086487e-02,-1.746543508088129956e-02,6.873273010434693964e-06
0.000000000000000000e+00,-7.926689088344573975e-02,-7.922790463481800549e-02,3.898624862773425459e-05
0.000000000000000000e+00,-2.056697383522987366e-02,-2.054404997003930061e-02,2.292386519057304506e-05
0.000000000000000000e+00,-9.978071600198745728e-02,-9.975200896250080440e-02,2.870703948665287442e-05
0.000000000000000000e+00,-2.396552264690399170e-02,-2.398032076801550130e-02,1.479812111150960452e-05
0.000000000000000000e+00,-1.209158971905708313e-01,-1.208859938073869045e-01,2.990338318392682382e-05
0.000000000000000000e+00,-2.722412720322608948e-02,-2.722105397518740158e-02,3.073228038687897401e-06
0.000000000000000000e+00,-1.423236280679702759e-01,-1.423082307086981080e-01,1.539735927216789868e-05
0.000000000000000000e+00,-2.993484959006309509e-02,-2.996603657459150083e-02,3.118698452840573676e-05
0.000000000000000000e+00,-1.637006402015686035e-01,-1.637034461576694910e-01,2.805956100887518900e-06
0.000000000000000000e+00,-3.204005584120750427e-02,-3.203156370339239889e-02,8.492137815105382792e-06
0.000000000000000000e+00,-1.847594678401947021e-01,-1.847209064270257939e-01,3.856141316890826509e-05
0.000000000000000000e+00,-3.325846418738365173e-02,-3.327347945309420268e-02,1.501526571055095127e-05
0.000000000000000000e+00,-2.049363404512405396e-01,-2.049483735172178134e-01,1.203306597727382687e-05
0.000000000000000000e+00,-3.351070359349250793e-02,-3.354832828873390016e-02,3.762469524139222532e-05
0.000000000000000000e+00,-2.238946706056594849e-01,-2.238846717620339988e-01,9.998843625486086850e-06
0.000000000000000000e+00,-3.265945240855216980e-02,-3.270137855359060014e-02,4.192614503843034024e-05
0.000000000000000000e+00,-2.408687770366668701e-01,-2.409147299702417977e-01,4.595293357492757913e-05
0.000000000000000000e+00,-3.057367354631423950e-02,-3.058512082949890049e-02,1.144728318466098349e-05
0.000000000000000000e+00,-2.553001940250396729e-01,-2.553084319093302246e-01,8.237884290551722444e-06
0.000000000000000000e+00,-2.710219100117683411e-02,-2.710997705975450034e-02,7.786058577666232772e-06
0.000000000000000000e+00,-2.662565708160400391e-01,-2.662679054184979854e-01,1.133460245794637444e-05
0.000000000000000000e+00,-2.228862792253494263e-02,-2.231692763994560028e-02,2.829971741065764879e-05
0.000000000000000000e+00,-2.730425596237182617e-01,-2.730363224090526786e-01,6.237214665583135087e-06
0.000000000000000000e+00,-1.641082018613815308e-02,-1.644103820887349993e-02,3.021802273534685002e-05
0.000000000000000000e+00,-2.750765979290008545e-01,-2.750462745094973127e-01,3.032341950354178195e-05
0.000000000000000000e+00,-9.894424118101596832e-03,-9.922715256901299199e-03,2.829113879970236722e-05
0.000000000000000000e+00,-2.720541656017303467e-01,-2.720566342947098870e-01,2.468692979540332288e-06
0.000000000000000000e+00,-3.312557004392147064e-03,-3.346941457870099886e-03,3.438445347795282200e-05
0.000000000000000000e+00,-2.642069756984710693e-01,-2.642234492649502831e-01,1.647356647921371930e-05
0.000000000000000000e+00,2.720457967370748520e-03,2.677656877009400044e-03,4.280109036134847542e-05
0.000000000000000000e+00,-2.520224153995513916e-01,-2.520708141724585793e-01,4.839877290718774816e-05
0.000000000000000000e+00,7.631149608641862869e-03,7.652898383120000127e-03,2.174877447813725745e-05
0.000000000000000000e+00,-2.363609373569488525e-01,-2.363751421700387989e-01,1.420481308994636649e-05
0.000000000000000000e+00,1.125425565987825394e-02,1.128072653319329988e-02,2.647087331504593966e-05
0.000000000000000000e+00,-2.179476022720336914e-01,-2.180108110797573939e-01,6.320880772370252032e-05
0.000000000000000000e+00,1.348291523754596710e-02,1.348026075219069947e-02,2.654485355267632851e-06
0.000000000000000000e+00,-1.978076696395874023e-01,-1.978138650816591015e-01,6.195442071699197584e-06
0.000000000000000000e+00,1.433637924492359161e-02,1.433682326874860004e-02,4.440238250084244109e-07
0.000000000000000000e+00,-1.764734089374542236e-01,-1.765031725379120064e-01,2.976360045778281282e-05
0.000000000000000000e+00,1.401937101036310196e-02,1.402125753784579966e-02,1.886527482697700209e-06
0.000000000000000000e+00,-1.546386778354644775e-01,-1.546615794550582068e-01,2.290161959372927214e-05
0.000000000000000000e+00,1.270109508186578751e-02,1.272170697885740068e-02,2.061189699161317113e-05
0.000000000000000000e+00,-1.327348947525024414e-01,-1.327545581384672047e-01,1.966338596476324696e-05
0.000000000000000000e+00,1.062228903174400330e-02,1.061296668949649954e-02,9.322342247503750956e-06
0.000000000000000000e+00,-1.111223101615905762e-01,-1.111602896714844052e-01,3.797950989382903320e-05
0.000000000000000000e+00,7.868057116866111755e-03,7.871235549084100100e-03,3.178432217988344521e-06
0.000000000000000000e+00,-9.022425115108489990e-02,-9.020031787198140583e-02,2.393327910349407617e-05
0.000000000000000000e+00,4.739877767860889435e-03,4.737795175805300379e-03,2.082592055589055358e-06
0.000000000000000000e+00,-7.020577043294906616e-02,-7.020750856165350329e-02,1.738128704437125194e-06
0.000000000000000000e+00,1.639642287045717239e-03,1.650395680661400103e-03,1.075339361568286405e-05
0.000000000000000000e+00,-5.167796835303306580e-02,-5.167587167345730204e-02,2.096679575763760184e-06
0.000000000000000000e+00,-6.126849912106990814e-04,-5.892910089982000051e-04,2.339398221249907629e-05
0.000000000000000000e+00,-3.702174499630928040e-02,-3.701608221589010317e-02,5.662780419177226854e-06
0.000000000000000000e+00,-5.025914870202541351e-04,-4.553936343719000167e-04,4.719785264835411843e-05
0.000000000000000000e+00,-2.682231366634368896e-02,-2.678606521211160038e-02,3.624845423208858386e-05
0.000000000000000000e+00,-1.041353680193424225e-04,-1.250162034157000120e-04,2.088083539635758948e-05
0.000000000000000000e+00,-2.324784547090530396e-02,-2.326370516604889943e-02,1.585969514359547583e-05
0.000000000000000000e+00,-4.632225260138511658e-03,-4.609675730471300345e-03,2.254952966721131269e-05
0.000000000000000000e+00,-3.321593627333641052e-02,-3.325084606362729844e-02,3.490979029088792096e-05
0.000000000000000000e+00,-4.506778903305530548e-03,-4.468157938890399833e-03,3.862096441513071521e-05
0.000000000000000000e+00,-4.578588530421257019e-02,-4.580289676402000271e-02,1.701145980743251629e-05
0.000000000000000000e+00,-4.832888953387737274e-03,-4.821754405838400356e-03,1.113454754933691782e-05
0.000000000000000000e+00,-6.140049919486045837e-02,-6.141386310793219699e-02,1.336391307173862009e-05
0.000000000000000000e+00,-5.609990097582340240e-03,-5.627705608489099592e-03,1.771551090675935192e-05
0.000000000000000000e+00,-7.971993088722229004e-02,-7.971834823708219553e-02,1.582650140094510327e-06
0.000000000000000000e+00,-7.316989824175834656e-03,-7.333886930265099725e-03,1.689710608926506957e-05
0.000000000000000000e+00,-9.978123009204864502e-02,-9.974285255154230478e-02,3.837754050634023528e-05
0.000000000000000000e+00,-9.580356068909168243e-03,-9.622019276304500865e-03,4.166320739533262152e-05
0.000000000000000000e+00,-1.207832545042037964e-01,-1.207706019484807020e-01,1.265255572309442744e-05
0.000000000000000000e+00,-1.215585041791200638e-02,-1.219307158649060065e-02,3.722116857859426864e-05
0.000000000000000000e+00,-1.423036009073257446e-01,-1.422898154548495053e-01,1.378545247623930159e-05
0.000000000000000000e+00,-1.479741279035806656e-02,-1.482174520030470066e-02,2.433240994663410373e-05
0.000000000000000000e+00,-1.639160364866256714e-01,-1.639029333686576051e-01,1.310311796806629125e-05
0.000000000000000000e+00,-1.728894934058189392e-02,-1.734134659398560083e-02,5.239725340370690598e-05
0.000000000000000000e+00,-1.852571070194244385e-01,-1.852590849409609108e-01,1.977921536472360131e-06
0.000000000000000000e+00,-1.959683001041412354e-02,-1.960535863955849972e-02,8.528629144376187465e-06
0.000000000000000000e+00,-2.060177177190780640e-01,-2.060053625892281914e-01,1.235512984987252594e-05
0.000000000000000000e+00,-2.143904194235801697e-02,-2.144945861176469903e-02,1.041666940668206642e-05
0.000000000000000000e+00,-2.257254868745803833e-01,-2.257346167890648958e-01,9.129914484512502426e-06
0.000000000000000000e+00,-2.264004573225975037e-02,-2.265680111439340172e-02,1.675538213365135309e-05
0.000000000000000000e+00,-2.439007759094238281e-01,-2.439031628050687128e-01,2.386895644884701184e-06
0.000000000000000000e+00,-2.293949946761131287e-02,-2.293746674141880146e-02,2.032726192511408181e-06
0.000000000000000000e+00,-2.597807943820953369e-01,-2.597394182314439748e-01,4.137615065136213133e-05
0.000000000000000000e+00,-2.195978909730911255e-02,-2.197722229066479890e-02,1.743319335568635498e-05
0.000000000000000000e+00,-2.722578942775726318e-01,-2.722319071712978045e-01,2.598710627482736513e-05
0.000000000000000000e+00,-1.955933868885040283e-02,-1.957227951872990077e-02,1.294082987949793373e-05
0.000000000000000000e+00,-2.803179323673248291e-01,-2.802627077637818154e-01,5.522460354301372831e-05
0.000000000000000000e+00,-1.583702862262725830e-02,-1.579713232917449861e-02,3.989629345275969019e-05
0.000000000000000000e+00,-2.829009294509887695e-01,-2.828911073442144097e-01,9.822106774359795622e-06
0.000000000000000000e+00,-1.109838951379060745e-02,-1.110742269121580035e-02,9.033177425192898125e-06
0.000000000000000000e+00,-2.796597778797149658e-01,-2.796725599482834945e-01,1.278206856852870388e-05
0.000000000000000000e+00,-6.250945851206779480e-03,-6.260841602691900355e-03,9.895751485120875268e-06
0.000000000000000000e+00,-2.708095014095306396e-01,-2.708310046733891086e-01,2.150326385846890176e-05
0.000000000000000000e+00,-2.099581528455018997e-03,-2.077514209298100042e-03,2.206731915691895543e-05
0.000000000000000000e+00,-2.571543753147125244e-01,-2.571981554335499021e-01,4.378011883737764620e-05
0.000000000000000000e+00,8.116995450109243393e-04,8.342397748378999707e-04,2.254022982697563137e-05
0.000000000000000000e+00,-2.399162650108337402e-01,-2.399436832955345045e-01,2.741828470076423940e-05
0.000000000000000000e+00,2.268921816721558571e-03,2.248965147971499975e-03,1.995666875005859542e-05
0.000000000000000000e+00,-2.201984971761703491e-01,-2.202443482704760924e-01,4.585109430574330069e-05
0.000000000000000000e+00,2.307058311998844147e-03,2.297354638040900211e-03,9.703673957943935446e-06
0.000000000000000000e+00,-1.990467309951782227e-01,-1.990612084489420119e-01,1.447745376378928306e-05
0.000000000000000000e+00,1.319993752986192703e-03,1.306605117521600053e-03,1.338863546459265023e-05
0.000000000000000000e+00,-1.770624369382858276e-01,-1.770823291037887937e-01,1.989216550296601937e-05
0.000000000000000000e+00,-3.655990585684776306e-04,-3.744455683944999751e-04,8.846509826022344505e-06
0.000000000000000000e+00,-1.547649651765823364e-01,-1.547951732674696101e-01,3.020809088727371972e-05
0.000000000000000000e+00,-2.477876842021942139e-03,-2.475808367109999866e-03,2.068474911942272398e-06
0.000000000000000000e+00,-1.325677931308746338e-01,-1.325998440001338874e-01,3.205086925925360042e-05
0.000000000000000000e+00,-4.795622080564498901e-03,-4.811018079378499672e-03,1.539599881400077058e-05
0.000000000000000000e+00,-1.108698621392250061e-01,-1.108997649759580068e-01,2.990283673300064837e-05
0.000000000000000000e+00,-7.230773568153381348e-03,-7.227629990571999598e-03,3.143577581381749864e-06
0.000000000000000000e+00,-9.016354382038116455e-02,-9.017830184095079749e-02,1.475802056963293474e-05
0.000000000000000000e+00,-9.524013847112655640e-03,-9.543559511856199856e-03,1.954566474354421657e-05
0.000000000000000000e+00,-7.106590270996093750e-02,-7.108931608686469561e-02,2.341337690375810965e-05
0.000000000000000000e+00,-1.151212211698293686e-02,-1.148453632227709915e-02,2.758579470583770454e-05
0.000000000000000000e+00,-5.454848706722259521e-02,-5.454248641841529660e-02,6.000648807298614162e-06
0.000000000000000000e+00,-1.264093350619077682e-02,-1.263391164171340057e-02,7.021864477376252300e-06
0.000000000000000000e+00,-4.112654924392700195e-02,-4.109420995115130315e-02,3.233929277569880245e-05
0.000000000000000000e+00,-1.316945534199476242e-02,-1.319742974527120076e-02,2.797440327643833935e-05
0.000000000000000000e+00,-3.051989153027534485e-02,-3.053195082066280028e-02,1.205929038745542914e-05
0.000000000000000000e+00,-1.298399735242128372e-02,-1.302433185482309956e-02,4.033450240181583879e-05
0.000000000000000000e+00,-2.478984370827674866e-02,-2.482407874556370048e-02,3.423503728695181936e-05
0.000000000000000000e+00,8.915450423955917358e-03,8.913331614283400220e-03,2.118809672517138476e-06
0.000000000000000000e+00,-3.459637984633445740e-02,-3.461177196848239795e-02,1.539212214794055678e-05
0.000000000000000000e+00,8.228510618209838867e-03,8.258041280186100702e-03,2.953066197626183498e-05
0.000000000000000000e+00,-4.695999994874000549e-02,-4.697457888580369723e-02,1.457893706369173259e-05
0.000000000000000000e+00,7.542407140135765076e-03,7.542555589014000167e-03,1.484488782350912306e-07
0.000000000000000000e+00,-6.221586093306541443e-02,-6.221852125055340327e-02,2.660317487988839158e-06
0.000000000000000000e+00,6.478058174252510071e-03,6.470469284754499888e-03,7.588889498010183143e-06
0.000000000000000000e+00,-8.007474243640899658e-02,-8.012181583885380487e-02,4.707340244480828773e-05
0.000000000000000000e+00,5.277557764202356339e-03,5.284509960655500195e-03,6.952196453143856536e-06
0.000000000000000000e+00,-9.986129403114318848e-02,-9.982654291169999750e-02,3.475111944319098090e-05
0.000000000000000000e+00,3.776627592742443085e-03,3.759846779831199897e-03,1.678081291124318766e-05
0.000000000000000000e+00,-1.206214055418968201e-01,-1.206277016798928958e-01,6.296137996075756860e-06
0.000000000000000000e+00,1.810375135391950607e-03,1.811552701941099991e-03,1.177566549149383635e-06
0.000000000000000000e+00,-1.420069187879562378e-01,-1.419917825260859079e-01,1.513626187032990345e-05
0.000000000000000000e+00,-5.480013787746429443e-04,-5.559551065309999629e-04,7.953727756357018529e-06
0.000000000000000000e+00,-1.635124832391738892e-01,-1.635177219149004935e-01,5.238675726604302696e-06
0.000000000000000000e+00,-3.289422020316123962e-03,-3.292148738604600174e-03,2.726718288476211172e-06
0.000000000000000000e+00,-1.848832517862319946e-01,-1.848919985072275118e-01,8.746720995517209829e-06
0.000000000000000000e+00,-6.311915814876556396e-03,-6.320725160218299693e-03,8.809345341743296531e-06
0.000000000000000000e+00,-2.058806121349334717e-01,-2.058575685677850042e-01,2.304356714846744758e-05
0.000000000000000000e+00,-9.532044641673564911e-03,-9.530952001370699214e-03,1.092640302865696689e-06
0.000000000000000000e+00,-2.261556982994079590e-01,-2.261787137228113975e-01,2.301542340343853965e-05
0.000000000000000000e+00,-1.273628417402505875e-02,-1.273750679822369981e-02,1.222624198641067417e-06
0.000000000000000000e+00,-2.455292940139770508e-01,-2.455621195372933996e-01,3.282552331634880360e-05
0.000000000000000000e+00,-1.562719419598579407e-02,-1.560219101164330054e-02,2.500318434249353128e-05
0.000000000000000000e+00,-2.633458375930786133e-01,-2.634104753005627741e-01,6.463770748416086676e-05
0.000000000000000000e+00,-1.752764359116554260e-02,-1.752543821766490081e-02,2.205373500641788498e-06
0.000000000000000000e+00,-2.784662544727325439e-01,-2.784814162264152015e-01,1.516175368265759715e-05
0.000000000000000000e+00,-1.778782904148101807e-02,-1.779301237100430061e-02,5.183329523282542706e-06
0.000000000000000000e+00,-2.889178097248077393e-01,-2.889233894157478000e-01,5.579690940060721971e-06
0.000000000000000000e+00,-1.601926237344741821e-02,-1.605124642297819926e-02,3.198404953078104462e-05
0.000000000000000000e+00,-2.928377389907836914e-01,-2.928578113944064754e-01,2.007240362278395196e-05
0.000000000000000000e+00,-1.272487919777631760e-02,-1.271510463550040021e-02,9.774562275917386689e-06
0.000000000000000000e+00,-2.892154753208160400e-01,-2.892399682218927959e-01,2.449290107675583528e-05
0.000000000000000000e+00,-8.992903865873813629e-03,-8.991991386732499716e-03,9.124791413139127227e-07
0.000000000000000000e+00,-2.784635722637176514e-01,-2.784829377910250092e-01,1.936552730735785488e-05
0.000000000000000000e+00,-6.302013061940670013e-03,-6.305037839724800426e-03,3.024777784130412706e-06
0.000000000000000000e+00,-2.622134983539581299e-01,-2.622459756444877055e-01,3.247729052957559759e-05
0.000000000000000000e+00,-5.509657785296440125e-03,-5.508509339201900050e-03,1.148446094540074569e-06
0.000000000000000000e+00,-2.425909638404846191e-01,-2.426109097023796124e-01,1.994586189499325535e-05
0.000000000000000000e+00,-6.610953249037265778e-03,-6.591085340463699767e-03,1.986790857356601075e-05
0.000000000000000000e+00,-2.212991267442703247e-01,-2.212846281633429057e-01,1.449858092741895810e-05
0.000000000000000000e+00,-8.861545473337173462e-03,-8.909284470521500188e-03,4.773899718432672579e-05
0.000000000000000000e+00,-1.992250680923461914e-01,-1.992327114540679012e-01,7.643361721709762691e-06
0.000000000000000000e+00,-1.169834192842245102e-02,-1.170726169031529977e-02,8.919761892848751539e-06
0.000000000000000000e+00,-1.768304407596588135e-01,-1.768736381139381086e-01,4.319735427929516369e-05
0.000000000000000000e+00,-1.447231788188219070e-02,-1.448658511460419913e-02,1.426723272200842996e-05
0.000000000000000000e+00,-1.543858796358108521e-01,-1.544468909210642005e-01,6.101128525334842401e-05
0.000000000000000000e+00,-1.700329035520553589e-02,-1.701505226674780019e-02,1.176191154226430280e-05
0.000000000000000000e+00,-1.321676373481750488e-01,-1.322135955870132884e-01,4.595823883823957345e-05
0.000000000000000000e+00,-1.918012276291847229e-02,-1.919865696710049835e-02,1.853420418202605946e-05
0.000000000000000000e+00,-1.104661822319030762e-01,-1.105301465648465958e-01,6.396433294351966392e-05
0.000000000000000000e+00,-2.107603847980499268e-02,-2.101612066364820161e-02,5.991781615679106499e-05
0.000000000000000000e+00,-8.991305530071258545e-02,-8.991107062139010175e-02,1.984679322483695607e-06
0.000000000000000000e+00,-2.251939848065376282e-02,-2.250231673355899964e-02,1.708174709476317776e-05
0.000000000000000000e+00,-7.104431837797164917e-02,-7.109542948626840220e-02,5.111110829675302725e-05
0.000000000000000000e+00,-2.375381067395210266e-02,-2.375998604414469861e-02,6.175370192595952545e-06
0.000000000000000000e+00,-5.507336929440498352e-02,-5.511307453974560039e-02,3.970524534061686817e-05
0.000000000000000000e+00,-2.494829148054122925e-02,-2.498882926787939981e-02,4.053778733817056668e-05
0.000000000000000000e+00,-4.234002158045768738e-02,-4.233798139863610005e-02,2.040181821587327970e-06
0.000000000000000000e+00,-2.582554519176483154e-02,-2.581150910480480010e-02,1.403608696003144640e-05
0.000000000000000000e+00,-3.262468799948692322e-02,-3.263683983721980125e-02,1.215183773287803470e-05
0.000000000000000000e+00,-2.648907899856567383e-02,-2.647722094672190149e-02,1.185805184377233812e-05
0.000000000000000000e+00,-2.505058422684669495e-02,-2.507190387104530141e-02,2.131964419860646331e-05
0.000000000000000000e+00,2.058839797973632812e-02,2.061347641321820134e-02,2.507843348187321908e-05
0.000000000000000000e+00,-3.348764777183532715e-02,-3.350399537227279761e-02,1.634760043747046643e-05
0.000000000000000000e+00,2.036494761705398560e-02,2.036534301862140059e-02,3.954015674149935489e-07
0.000000000000000000e+00,-4.567448422312736511e-02,-4.566758998326930080e-02,6.894239858064310500e-06
0.000000000000000000e+00,1.890814676880836487e-02,1.890816308419749833e-02,1.631538913346441966e-08
0.000000000000000000e+00,-6.213503703474998474e-02,-6.211061801498309748e-02,2.441901976688726217e-05
0.000000000000000000e+00,1.861934736371040344e-02,1.861966828594099899e-02,3.209222305955439225e-07
0.000000000000000000e+00,-8.059383928775787354e-02,-8.056875698935429819e-02,2.508229840357534268e-05
0.000000000000000000e+00,1.855938881635665894e-02,1.857155157090700087e-02,1.216275455034193653e-05
0.000000000000000000e+00,-1.003738045692443848e-01,-1.003707225714380036e-01,3.081997806381187033e-06
0.000000000000000000e+00,1.814687997102737427e-02,1.817881536162749972e-02,3.193539060012545727e-05
0.000000000000000000e+00,-1.210018768906593323e-01,-1.210031198268123054e-01,1.242936152973106445e-06
0.000000000000000000e+00,1.722289994359016418e-02,1.712901978712219955e-02,9.388015646796463165e-05
0.000000000000000000e+00,-1.420817375183105469e-01,-1.420702705576037117e-01,1.146696070683517199e-05
0.000000000000000000e+00,1.534246746450662613e-02,1.530452095588910079e-02,3.794650861752534021e-05
0.000000000000000000e+00,-1.632323265075683594e-01,-1.632506383454633003e-01,1.831183789494095215e-05
0.000000000000000000e+00,1.269853208214044571e-02,1.268371905682750059e-02,1.481302531294512170e-05
0.000000000000000000e+00,-1.842831075191497803e-01,-1.842925470921855935e-01,9.439573035813220159e-06
0.000000000000000000e+00,9.292209520936012268e-03,9.279199829828700674e-03,1.300969110731159395e-05
0.000000000000000000e+00,-2.050690501928329468e-01,-2.050263601007656922e-01,4.269009206725460359e-05
0.000000000000000000e+00,5.128362681716680527e-03,5.109627960251899963e-03,1.873472146478056405e-05
0.000000000000000000e+00,-2.253448665142059326e-01,-2.253891210460352013e-01,4.425453182926863960e-05
0.000000000000000000e+00,2.384041436016559601e-04,2.074402960982999920e-04,3.096384750335596809e-05
0.000000000000000000e+00,-2.454232871532440186e-01,-2.454368824845301056e-01,1.359533128608703123e-05
0.000000000000000000e+00,-5.376182496547698975e-03,-5.308170736395599956e-03,6.801176015209901837e-05
0.000000000000000000e+00,-2.652744352817535400e-01,-2.652910145711501744e-01,1.657928939663433354e-05
0.000000000000000000e+00,-1.102990750223398209e-02,-1.100948755985010040e-02,2.041994238388168681e-05
0.000000000000000000e+00,-2.842606604099273682e-01,-2.843100934518836831e-01,4.943304195631492703e-05
0.000000000000000000e+00,-1.545332279056310654e-02,-1.550940368145850047e-02,5.608089089539393390e-05
0.000000000000000000e+00,-2.995262444019317627e-01,-2.995812319430667947e-01,5.498754113503201424e-05
0.000000000000000000e+00,-1.692129299044609070e-02,-1.691943496293379923e-02,1.858027512291471339e-06
0.000000000000000000e+00,-3.065254986286163330e-01,-3.065110638959697154e-01,1.443473264661765398e-05
0.000000000000000000e+00,-1.509599108248949051e-02,-1.507314680597750083e-02,2.284427651198968345e-05
0.000000000000000000e+00,-3.021137714385986328e-01,-3.021683190308026012e-01,5.454759220396843133e-05
0.000000000000000000e+00,-1.226427871733903885e-02,-1.225487845545149973e-02,9.400261887539118622e-06
0.000000000000000000e+00,-2.874026000499725342e-01,-2.874737423071014875e-01,7.114225712895327902e-05
0.000000000000000000e+00,-1.145230326801538467e-02,-1.144109949264470079e-02,1.120377537068388551e-05
0.000000000000000000e+00,-2.665910422801971436e-01,-2.665781854905525106e-01,1.285678964463299323e-05
0.000000000000000000e+00,-1.388380955904722214e-02,-1.399489534476049991e-02,1.110857857132777765e-04
0.000000000000000000e+00,-2.438621819019317627e-01,-2.438588832684475127e-01,3.298633484249968717e-06
0.000000000000000000e+00,-1.866526529192924500e-02,-1.873124020718990035e-02,6.597491526065535350e-05
0.000000000000000000e+00,-2.212891578674316406e-01,-2.212781495213786975e-01,1.100834605294309654e-05
0.000000000000000000e+00,-2.369179204106330872e-02,-2.370296307375870104e-02,1.117103269539232446e-05
0.000000000000000000e+00,-1.989813596010208130e-01,-1.989826765412640031e-01,1.316940243190067861e-06
0.000000000000000000e+00,-2.791812643408775330e-02,-2.792500599544010115e-02,6.879561352347851599e-06
0.000000000000000000e+00,-1.767544448375701904e-01,-1.767573744344385911e-01,2.929596868400663467e-06
0.000000000000000000e+00,-3.118830546736717224e-02,-3.120626286829529875e-02,1.795740092812650457e-05
0.000000000000000000e+00,-1.545752882957458496e-01,-1.545588423774819919e-01,1.644591826385766176e-05
0.000000000000000000e+00,-3.356017544865608215e-02,-3.354887240608159932e-02,1.130304257448283556e-05
0.000000000000000000e+00,-1.324940323829650879e-01,-1.325011746496372045e-01,7.142266672116592829e-06
0.000000000000000000e+00,-3.503119572997093201e-02,-3.499756171111950004e-02,3.363401885143196823e-05
0.000000000000000000e+00,-1.108059287071228027e-01,-1.108324142707414056e-01,2.648556361860288089e-05
0.000000000000000000e+00,-3.559930622577667236e-02,-3.562586035888379993e-02,2.655413310712756436e-05
0.000000000000000000e+00,-8.993735909461975098e-02,-8.993246806485730160e-02,4.891029762449372598e-06
0.000000000000000000e+00,-3.558539599180221558e-02,-3.559316690539769679e-02,7.770913595481210301e-06
0.000000000000000000e+00,-7.037040591239929199e-02,-7.037640847076219452e-02,6.002558362902532529e-06
0.000000000000000000e+00,-3.526940196752548218e-02,-3.525937389740659705e-02,1.002807011888512401e-05
0.000000000000000000e+00,-5.300210788846015930e-02,-5.298731894999070269e-02,1.478893846945661394e-05
0.000000000000000000e+00,-3.529886156320571899e-02,-3.530385592814629797e-02,4.994364940578976952e-06
0.000000000000000000e+00,-4.067561030387878418e-02,-4.063900181210180346e-02,3.660849177698072276e-05
0.000000000000000000e+00,-3.686760738492012024e-02,-3.687286778014439714e-02,5.260395224276903647e-06
0.000000000000000000e+00,-3.294732049107551575e-02,-3.292908615030640251e-02,1.823434076911323309e-05
0.000000000000000000e+00,-3.702593967318534851e-02,-3.696873856827800203e-02,5.720110490734647835e-05
0.000000000000000000e+00,-2.176808565855026245e-02,-2.173993227878700044e-02,2.815337976326201530e-05
0.000000000000000000e+00,3.052064776420593262e-02,3.053520065797700120e-02,1.455289377106858129e-05
0.000000000000000000e+00,-2.734603360295295715e-02,-2.732687932910710105e-02,1.915427384585610682e-05
0.000000000000000000e+00,2.545055747032165527e-02,2.544072397919459882e-02,9.833491127056448455e-06
0.000000000000000000e+00,-4.501723870635032654e-02,-4.502250129104740095e-02,5.262584697074412787e-06
0.000000000000000000e+00,2.810133621096611023e-02,2.808484779275400092e-02,1.648841821210930703e-05
0.000000000000000000e+00,-6.323412805795669556e-02,-6.323359017151969352e-02,5.378864370020330909e-07
0.000000000000000000e+00,3.152204304933547974e-02,3.150093281077590013e-02,2.111023855957960826e-05
0.000000000000000000e+00,-8.245553076267242432e-02,-8.243259862819299344e-02,2.293213447943087679e-05
0.000000000000000000e+00,3.413102403283119202e-02,3.416289931197050156e-02,3.187527913930954249e-05
0.000000000000000000e+00,-1.023238524794578552e-01,-1.022945066554605958e-01,2.934582399725937929e-05
0.000000000000000000e+00,3.565151616930961609e-02,3.567101265314229913e-02,1.949648383268304253e-05
0.000000000000000000e+00,-1.226061731576919556e-01,-1.226364941449628043e-01,3.032098727084875378e-05
0.000000000000000000e+00,3.596410155296325684e-02,3.593082668531139695e-02,3.327486765185988515e-05
0.000000000000000000e+00,-1.432008296251296997e-01,-1.432356934138702131e-01,3.486378874051343502e-05
0.000000000000000000e+00,3.502593562006950378e-02,3.495609372321269864e-02,6.984189685680514126e-05
0.000000000000000000e+00,-1.638421118259429932e-01,-1.638592709486574872e-01,1.715912271449404614e-05
0.000000000000000000e+00,3.280035033822059631e-02,3.279501248906759731e-02,5.337849152999007973e-06
0.000000000000000000e+00,-1.842700541019439697e-01,-1.842995190927818883e-01,2.946499083791853657e-05
0.000000000000000000e+00,2.947540208697319031e-02,2.949219394086570120e-02,1.679185389251089400e-05
0.000000000000000000e+00,-2.044292390346527100e-01,-2.044192516001946958e-01,9.987434458014199379e-06
0.000000000000000000e+00,2.520458772778511047e-02,2.505597543644530120e-02,1.486122913398092715e-04
0.000000000000000000e+00,-2.243065536022186279e-01,-2.242151226084614923e-01,9.143099375713559240e-05
0.000000000000000000e+00,1.946890726685523987e-02,1.941853652578990133e-02,5.037074106533853679e-05
0.000000000000000000e+00,-2.439775615930557251e-01,-2.439264641061620054e-01,5.109748689371973462e-05
0.000000000000000000e+00,1.239070855081081390e-02,1.238466418363869982e-02,6.044367172114081810e-06
0.000000000000000000e+00,-2.641852796077728271e-01,-2.641908747524212009e-01,5.595144648373739926e-06
0.000000000000000000e+00,3.650706959888339043e-03,3.607944076607800046e-03,4.276288328053899634e-05
0.000000000000000000e+00,-2.866239249706268311e-01,-2.866049999552288119e-01,1.892501539801916266e-05
0.000000000000000000e+00,-7.219208404421806335e-03,-7.207270643723599594e-03,1.193776069820674107e-05
0.000000000000000000e+00,-3.105978667736053467e-01,-3.104967251899147795e-01,1.011415836905671384e-04
0.000000000000000000e+00,-1.669571548700332642e-02,-1.681856444226510067e-02,1.228489552617742508e-04
0.000000000000000000e+00,-3.265992701053619385e-01,-3.267366751867353813e-01,1.374050813734428722e-04
0.000000000000000000e+00,-1.895691826939582825e-02,-1.898505917531380024e-02,2.814090591797199781e-05
0.000000000000000000e+00,-3.206442296504974365e-01,-3.205273734909361849e-01,1.168561595612516157e-04
0.000000000000000000e+00,-1.755408942699432373e-02,-1.716584487004600007e-02,3.882445569483236603e-04
0.000000000000000000e+00,-2.962651550769805908e-01,-2.960211110124436051e-01,2.440440645369856831e-04
0.000000000000000000e+00,-2.132343500852584839e-02,-2.170279749712209980e-02,3.793624885962514071e-04
0.000000000000000000e+00,-2.684710025787353516e-01,-2.685742393820179097e-01,1.032368032825581317e-04
0.000000000000000000e+00,-3.097252547740936279e-02,-3.129420823607399760e-02,3.216827586646348047e-04
0.000000000000000000e+00,-2.437757551670074463e-01,-2.438691320309223920e-01,9.337686391494570692e-05
0.000000000000000000e+00,-4.002036526799201965e-02,-3.988972431625269904e-02,1.306409517393206099e-04
0.000000000000000000e+00,-2.214208841323852539e-01,-2.213663961765630073e-01,5.448795582224663647e-05
0.000000000000000000e+00,-4.595238342881202698e-02,-4.594552669897500330e-02,6.856729837023678442e-06
0.000000000000000000e+00,-1.996266245841979980e-01,-1.995446999232750873e-01,8.192466092291073032e-05
0.000000000000000000e+00,-5.004350468516349792e-02,-5.014907747177330122e-02,1.055727866098032930e-04
0.000000000000000000e+00,-1.778984963893890381e-01,-1.778668460689047104e-01,3.165032048432769862e-05
0.000000000000000000e+00,-5.294708907604217529e-02,-5.289529137009450072e-02,5.179770594767457714e-05
0.000000000000000000e+00,-1.561731696128845215e-01,-1.561746769460561068e-01,1.507333171585356624e-06
0.000000000000000000e+00,-5.431289598345756531e-02,-5.434328298718919814e-02,3.038700373163283341e-05
0.000000000000000000e+00,-1.345583945512771606e-01,-1.345196060652268100e-01,3.878848605035067898e-05
0.000000000000000000e+00,-5.444562062621116638e-02,-5.451253366347900281e-02,6.691303726783642825e-05
0.000000000000000000e+00,-1.130464971065521240e-01,-1.130543413252270979e-01,7.844218674973868488e-06
0.000000000000000000e+00,-5.339944735169410706e-02,-5.335959760066839863e-02,3.984975102570842420e-05
0.000000000000000000e+00,-9.193723648786544800e-02,-9.197367768924169518e-02,3.644120137624717870e-05
0.000000000000000000e+00,-5.089060589671134949e-02,-5.084259875274289853e-02,4.800714396845096044e-05
0.000000000000000000e+00,-7.145266234874725342e-02,-7.147227692165229740e-02,1.961457290504398099e-05
0.000000000000000000e+00,-4.704056680202484131e-02,-4.702290895591910297e-02,1.765784610573833957e-05
0.000000000000000000e+00,-5.198621004819869995e-02,-5.195985971007249793e-02,2.635033812620202198e-05
0.000000000000000000e+00,-4.233702644705772400e-02,-4.231819579061799758e-02,1.883065643972642311e-05
0.000000000000000000e+00,-3.274070098996162415e-02,-3.279783065973169986e-02,5.712966977007571945e-05
0.000000000000000000e+00,-3.853718563914299011e-02,-3.854788833322209812e-02,1.070269407910801052e-05
0.000000000000000000e+00,-2.824680879712104797e-02,-2.827330929350150082e-02,2.650049638045284817e-05
0.000000000000000000e+00,-4.495031759142875671e-02,-4.497271620310219764e-02,2.239861167344092685e-05
0.000000000000000000e+00,-8.481228724122047424e-05,0.000000000000000000e+00,8.481228724122047424e-05
0.000000000000000000e+00,-5.303835496306419373e-05,0.000000000000000000e+00,5.303835496306419373e-05
0.000000000000000000e+00,-3.350667282938957214e-02,-3.353549680460490151e-02,2.882397521532936713e-05
0.000000000000000000e+00,2.504312247037887573e-02,2.501395602613089991e-02,2.916644424797582014e-05
0.000000000000000000e+00,-5.001391842961311340e-02,-4.993366469080069703e-02,8.025373881241637530e-05
0.000000000000000000e+00,4.079791158437728882e-02,4.083817885133809999e-02,4.026726696081117662e-05
0.000000000000000000e+00,-6.822343170642852783e-02,-6.829580147647740240e-02,7.236977004887457099e-05
0.000000000000000000e+00,4.984055086970329285e-02,4.981236173075719725e-02,2.818913894609559323e-05
0.000000000000000000e+00,-8.707051724195480347e-02,-8.710650293128489874e-02,3.598568933009527182e-05
0.000000000000000000e+00,5.548252537846565247e-02,5.550227585630589794e-02,1.975047784024547282e-05
0.000000000000000000e+00,-1.064555794000625610e-01,-1.064287577098323029e-01,2.682169023025815502e-05
0.000000000000000000e+00,5.887383967638015747e-02,5.890733223344170322e-02,3.349255706154574685e-05
0.000000000000000000e+00,-1.261373758316040039e-01,-1.261292037329020121e-01,8.172098701991759029e-06
0.000000000000000000e+00,6.045603379607200623e-02,6.045737723916579792e-02,1.343443093791696352e-06
0.000000000000000000e+00,-1.460044980049133301e-01,-1.460261125811042893e-01,2.161457619095918936e-05
0.000000000000000000e+00,6.032635644078254700e-02,6.035712942612309756e-02,3.077298534055056267e-05
0.000000000000000000e+00,-1.659709364175796509e-01,-1.659124605674343056e-01,5.847585014534528725e-05
0.000000000000000000e+00,5.870728194713592529e-02,5.874876582881410209e-02,4.148388167817679273e-05
0.000000000000000000e+00,-1.855344772338867188e-01,-1.856049002238250034e-01,7.042298993828466358e-05
0.000000000000000000e+00,5.578619986772537231e-02,5.576665069028990257e-02,1.954917743546974451e-05
0.000000000000000000e+00,-2.051473855972290039e-01,-2.049957562555569934e-01,1.516293416720104759e-04
0.000000000000000000e+00,5.160368978977203369e-02,5.155225361718879934e-02,5.143617258323435193e-05
0.000000000000000000e+00,-2.240318059921264648e-01,-2.241259356930052904e-01,9.412970087882555070e-05
0.000000000000000000e+00,4.617520794272422791e-02,4.624513256178870019e-02,6.992461906447228204e-05
0.000000000000000000e+00,-2.433643937110900879e-01,-2.433082257665913073e-01,5.616794449878059758e-05
0.000000000000000000e+00,3.984394297003746033e-02,3.993341118850839838e-02,8.946821847093805458e-05
0.000000000000000000e+00,-2.634547650814056396e-01,-2.634277750873912916e-01,2.698999401434809542e-05
0.000000000000000000e+00,3.263457491993904114e-02,3.248155531264539791e-02,1.530196072936432228e-04
0.000000000000000000e+00,-2.861851751804351807e-01,-2.862204136160383938e-01,3.523843560321315849e-05
0.000000000000000000e+00,2.269674837589263916e-02,2.288537172648190052e-02,1.886233505892613571e-04
-1.118169932601942085e+00,-3.213611543178558350e-01,-3.213455829025160249e-01,1.557141533981010184e-05
-1.545205526169295129e-01,6.622876040637493134e-03,6.470551349075299649e-03,1.523246915621934844e-04
-2.236339865203889055e+00,-3.479343950748443604e-01,-3.481547660559328738e-01,2.203709810885134956e-04
-3.090411052338519760e-01,-1.688796654343605042e-02,-1.689162544149579864e-02,3.658898059748227904e-06
-2.236339865203890387e+00,-3.431971967220306396e-01,-3.429568906999337918e-01,2.403060220968478156e-04
-3.090411052338513098e-01,-4.146593064069747925e-02,-4.138641178311239927e-02,7.951885758507998281e-05
-1.118169932601950745e+00,-3.098192512989044189e-01,-3.099231820999341913e-01,1.039308010297723683e-04
-1.545205526169224075e-01,-5.956613644957542419e-02,-5.956082363972239890e-02,5.312809853025290963e-06
0.000000000000000000e+00,-2.717583477497100830e-01,-2.718854348745400884e-01,1.270871248300053935e-04
0.000000000000000000e+00,-6.873364746570587158e-02,-6.869824130872349832e-02,3.540615698237326026e-05
0.000000000000000000e+00,-2.462832480669021606e-01,-2.462791063771745947e-01,4.141689727565900370e-06
0.000000000000000000e+00,-7.318508625030517578e-02,-7.314322456260530236e-02,4.186168769987341776e-05
0.000000000000000000e+00,-2.236308455467224121e-01,-2.236150239059357947e-01,1.582164078661740803e-05
0.000000000000000000e+00,-7.631863653659820557e-02,-7.645238233894299795e-02,1.337458023447923861e-04
0.000000000000000000e+00,-2.020053267478942871e-01,-2.021208805850348011e-01,1.155538371405140374e-04
0.000000000000000000e+00,-7.893201708793640137e-02,-7.899109524553320216e-02,5.907815759680079548e-05
0.000000000000000000e+00,-1.810250580310821533e-01,-1.809669227341322018e-01,5.813529694995156483e-05
0.000000000000000000e+00,-8.062279224395751953e-02,-8.059285398627780150e-02,2.993825767971802776e-05
0.000000000000000000e+00,-1.598412990570068359e-01,-1.598934400114198073e-01,5.214095441297139644e-05
0.000000000000000000e+00,-8.102431148290634155e-02,-8.100880756042780351e-02,1.550392247853804584e-05
0.000000000000000000e+00,-1.389242112636566162e-01,-1.388927312474035058e-01,3.148001625311036555e-05
0.000000000000000000e+00,-7.998768240213394165e-02,-7.998661601749100514e-02,1.066384642936513139e-06
0.000000000000000000e+00,-1.179616600275039673e-01,-1.180744813545386018e-01,1.128213270346345443e-04
0.000000000000000000e+00,-7.729368656873703003e-02,-7.725829236058699701e-02,3.539420815003302412e-05
0.000000000000000000e+00,-9.760268032550811768e-02,-9.757947718940540582e-02,2.320313610271185212e-05
0.000000000000000000e+00,-7.251590490341186523e-02,-7.246834315669670179e-02,4.756174671516344432e-05
0.000000000000000000e+00,-7.761752605438232422e-02,-7.754730011595499517e-02,7.022593842732904879e-05
0.000000000000000000e+00,-6.498203426599502563e-02,-6.496604040584150197e-02,1.599386015352366464e-05
0.000000000000000000e+00,-5.787867680191993713e-02,-5.793690161285659779e-02,5.822481093666065366e-05
0.000000000000000000e+00,-5.329928547143936157e-02,-5.336085447803509685e-02,6.156900659573527612e-05
0.000000000000000000e+00,-4.086374118924140930e-02,-4.088863985349640295e-02,2.489866425499365210e-05
0.000000000000000000e+00,-3.284181281924247742e-02,-3.283372481876650067e-02,8.088000475976742099e-06
0.000000000000000000e+00,-4.525110125541687012e-05,0.000000000000000000e+00,4.525110125541687012e-05
0.000000000000000000e+00,-5.226861685514450073e-05,0.000000000000000000e+00,5.226861685514450073e-05
